eto_lead_whatsapp_feedback_response_id,feedback_date,feedback_modref_id,feedback_modref_type,feedback_remarks,fk_buyer_glusr_usr_id,fk_eto_lead_whatsapp_template_id,fk_supplier_glusr_usr_id,im_whatsapp_msg_sent_date,response_flag
1,26/03/24 12:36,1089345676.0,1.0,Satisfied,7349419.0,4563426.0,346456.0,26/03/24 12:36,222.0
2,26/03/24 12:36,1089345676.0,1.0,Satisfied,7349419.0,4563426.0,346456.0,26/03/24 12:36,222.0
3,26/03/24 12:36,1089345676.0,1.0,Satisfied,7349419.0,4563426.0,346456.0,26/03/24 12:36,222.0
4,26/03/24 12:36,1089345676.0,1.0,Satisfied,7349419.0,4563426.0,346456.0,26/03/24 12:36,222.0
5,26/03/24 12:36,1089345676.0,1.0,Satisfied,7349419.0,4563426.0,346456.0,26/03/24 12:36,222.0
6,26/03/24 12:36,1089345676.0,1.0,Satisfied,7349419.0,4563426.0,346456.0,26/03/24 12:36,222.0
7,26/03/24 12:36,1089345676.0,1.0,Satisfied,7349419.0,4563426.0,346456.0,26/03/24 12:36,222.0
8,26/03/24 12:36,1089345676.0,1.0,Satisfied,7349419.0,4563426.0,346456.0,26/03/24 12:36,222.0
9,26/03/24 12:36,1089345676.0,1.0,Satisfied,7349419.0,4563426.0,346456.0,26/03/24 12:36,222.0
10,26/03/24 12:36,1089345676.0,1.0,Satisfied,7349419.0,4563426.0,346456.0,26/03/24 12:36,222.0
11,26/03/24 12:36,1089345676.0,1.0,Satisfied,7349419.0,4563426.0,346456.0,26/03/24 12:36,222.0
12,26/03/24 12:36,1089345676.0,1.0,Satisfied,7349419.0,4563426.0,346456.0,26/03/24 12:36,222.0
13,26/03/24 12:36,1089345676.0,1.0,Satisfied,7349419.0,4563426.0,346456.0,26/03/24 12:36,222.0
14,26/03/24 12:36,1089345676.0,1.0,Satisfied,7349419.0,4563426.0,346456.0,26/03/24 12:36,222.0
15,26/03/24 12:36,1089345676.0,1.0,Satisfied,7349419.0,4563426.0,346456.0,26/03/24 12:36,222.0
16,26/03/24 12:36,1089345676.0,1.0,Satisfied,7349419.0,4563426.0,346456.0,26/03/24 12:36,222.0
17,26/03/24 12:36,1089345676.0,1.0,Satisfied,7349419.0,4563426.0,346456.0,26/03/24 12:36,222.0
18,26/03/24 12:36,1089345676.0,1.0,Satisfied,7349419.0,4563426.0,346456.0,26/03/24 12:36,222.0
19,26/03/24 12:36,1089345676.0,1.0,Satisfied,7349419.0,4563426.0,346401.0,26/03/24 12:36,222.0
20,26/03/24 12:36,1089345676.0,1.0,Satisfied,7349419.0,4563426.0,346456.0,26/03/24 12:36,222.0
21,26/03/24 12:36,1089345676.0,1.0,Satisfied,7349419.0,4563426.0,346456.0,26/03/24 12:36,222.0
22,26/03/24 12:36,1089345676.0,1.0,Satisfied,7349419.0,4563426.0,346456.0,26/03/24 12:36,222.0
23,26/03/24 12:36,1089345676.0,1.0,Satisfied,7349419.0,4563426.0,346456.0,26/03/24 12:36,222.0
24,01/01/01 00:00,73428743.0,2.0,Satisfied,32324.0,11.0,,01/01/01 00:00,111.0
25,01/01/01 00:00,1000000005.0,2.0,,126112.0,11.0,,01/01/01 00:00,111.0
26,01/01/01 00:00,102894927785.0,2.0,,126532.0,1.0,122132.0,01/01/01 00:00,111.0
27,26/03/24 12:36,1089345676.0,1.0,Satisfied,7349419.0,4563426.0,346401.0,26/03/24 12:36,222.0
28,26/03/24 12:36,1089345676.0,2.0,,7349419.0,4563426.0,,26/03/24 12:36,222.0
29,26/03/24 12:36,1089345676.0,1.0,Satisfied,7349419.0,4563426.0,346456.0,26/03/24 12:36,222.0
30,26/03/24 12:36,1089345676.0,1.0,Satisfied,7349419.0,4563426.0,346456.0,26/03/24 12:36,222.0
31,01/01/01 00:00,9028296711.0,2.0,,123456.0,10001.0,,01/01/01 00:00,111.0
32,01/01/01 00:00,105328982113.0,1.0,,77795123.0,-11.0,,01/01/01 00:00,111.0
33,01/01/01 00:00,105328982113.0,1.0,,77795123.0,-11.0,,01/01/01 00:00,111.0
34,01/01/01 00:00,105328982113.0,1.0,,77795123.0,-11.0,,01/01/01 00:00,111.0
35,01/01/01 00:00,105384538413.0,1.0,,37026469.0,11.0,,01/01/01 00:00,111.0
36,01/01/01 00:00,105371003563.0,1.0,,106744193.0,11.0,,01/01/01 00:00,111.0
37,01/01/01 00:00,105343848459.0,1.0,,26475031.0,11.0,,01/01/01 00:00,111.0
38,01/01/01 00:00,105369826763.0,1.0,,28483505.0,11.0,,01/01/01 00:00,111.0
39,26/03/24 12:36,1089345676.0,1.0,Satisfied,7349419.0,4563426.0,346456.0,26/03/24 12:36,222.0
40,01/01/01 00:00,23213.0,1.0,Satisfied,347324.0,1111.0,,01/01/01 00:00,111.0
41,01/01/01 00:00,106674674846.0,1.0,Satisfied,67887335.0,11111.0,,01/01/01 00:00,111.0
42,01/01/01 00:00,106674674846.0,1.0,Satisfied,67887335.0,11111.0,952896.0,01/01/01 00:00,111.0
43,01/01/01 00:00,23213.0,1.0,Satisfied,347324.0,11111.0,,01/01/01 00:00,111.0
44,01/01/01 00:00,106688510246.0,1.0,Satisfied,8908196.0,11111.0,,01/01/01 00:00,111.0
45,01/01/01 00:00,106691824863.0,1.0,Satisfied,204140459.0,11111.0,,01/01/01 00:00,111.0
46,01/01/01 00:00,106693767363.0,1.0,Satisfied,27855161.0,11111.0,,01/01/01 00:00,111.0
47,01/01/01 00:00,23213.0,1.0,Satisfied,347324.0,11111.0,,01/01/01 00:00,111.0
48,01/01/01 00:00,23213.0,1.0,Satisfied,347324.0,11.0,,01/01/01 00:00,111.0
49,01/01/01 00:00,106786517385.0,1.0,Satisfied,40165686.0,11.0,,01/01/01 00:00,111.0
50,01/01/01 00:00,106814628067.0,1.0,Satisfied,55261058.0,11.0,,01/01/01 00:00,111.0
51,01/01/01 00:00,106816078485.0,1.0,Satisfied,220766340.0,11.0,,01/01/01 00:00,111.0
52,01/01/01 00:00,106816078485.0,1.0,Satisfied,220766340.0,11.0,,01/01/01 00:00,111.0
53,01/01/01 00:00,106816078485.0,1.0,Satisfied,220766340.0,11.0,,01/01/01 00:00,111.0
54,01/01/01 00:00,106810204795.0,1.0,Satisfied,82187056.0,11.0,,01/01/01 00:00,111.0
55,01/01/01 00:00,106810204795.0,1.0,Satisfied,82187056.0,11.0,,01/01/01 00:00,111.0
56,01/01/01 00:00,106823230859.0,1.0,Satisfied,53740830.0,11.0,,01/01/01 00:00,111.0
57,01/01/01 00:00,106860077813.0,1.0,Satisfied,41771827.0,11.0,,01/01/01 00:00,111.0
58,01/01/01 00:00,106860077813.0,1.0,Satisfied,41771827.0,11.0,,01/01/01 00:00,111.0
59,01/01/01 00:00,106860077813.0,1.0,Satisfied,41771827.0,11.0,,01/01/01 00:00,111.0
60,01/01/01 00:00,106860077813.0,1.0,Satisfied,41771827.0,11.0,,01/01/01 00:00,111.0
61,01/01/01 00:00,106872000563.0,1.0,Satisfied,71087397.0,11.0,,01/01/01 00:00,111.0
62,01/01/01 00:00,106872567152.0,1.0,Satisfied,58097964.0,11.0,,01/01/01 00:00,111.0
63,01/01/01 00:00,106859397567.0,1.0,Satisfied,91165805.0,11.0,,01/01/01 00:00,111.0
64,01/01/01 00:00,106859397567.0,1.0,Satisfied,91165805.0,11.0,157983834.0,01/01/01 00:00,111.0
65,01/01/01 00:00,106859397567.0,1.0,Satisfied,91165805.0,11.0,31587626.0,01/01/01 00:00,111.0
66,01/01/01 00:00,106859397567.0,1.0,Satisfied,91165805.0,11.0,1000.0,01/01/01 00:00,111.0
67,01/01/01 00:00,106859397567.0,1.0,Not Satisfied,91165805.0,11.0,,01/01/01 00:00,-234.0
68,01/01/01 00:00,106859397567.0,1.0,Not Satisfied,91165805.0,11.0,-567.0,01/01/01 00:00,-234.0
69,01/01/01 00:00,106859397567.0,1.0,Not Satisfied,91165805.0,11.0,-345.0,01/01/01 00:00,-234.0
70,01/01/01 00:00,106859397567.0,1.0,Not Satisfied,91165805.0,11.0,-456.0,01/01/01 00:00,-234.0
71,01/01/01 00:00,106851752746.0,1.0,Satisfied,79178362.0,11.0,,01/01/01 00:00,111.0
72,01/01/01 00:00,106851752746.0,1.0,Satisfied,79178362.0,11.0,129279915.0,01/01/01 00:00,111.0
73,26/03/24 12:36,1089345676.0,2.0,,7349419.0,4563426.0,,26/03/24 12:36,222.0
74,01/01/01 00:00,106855492859.0,1.0,Satisfied,137075432.0,11.0,,01/01/01 00:00,111.0
75,01/01/01 00:00,106855492859.0,1.0,Satisfied,137075432.0,11.0,,01/01/01 00:00,111.0
77,01/01/01 00:00,106855492859.0,1.0,Satisfied,137075432.0,11.0,31850649.0,01/01/01 00:00,111.0
83,01/01/01 00:00,106996507167.0,1.0,Satisfied,106478799.0,11.0,,01/01/01 00:00,111.0
85,01/01/01 00:00,106996507167.0,1.0,Satisfied,106478799.0,11.0,,01/01/01 00:00,111.0
86,30/06/24 20:57,106992146734.0,1.0,Satisfied,186964092.0,11.0,,30/06/24 20:57,111.0
87,30/06/24 20:57,106992146734.0,1.0,Satisfied,186964092.0,11.0,2521105.0,30/06/24 20:57,111.0
88,01/07/24 11:09,107052598734.0,1.0,Satisfied,59418511.0,11.0,,01/07/24 11:09,111.0
91,01/07/24 11:37,107012569959.0,1.0,Satisfied,222067526.0,11.0,192379166.0,01/07/24 11:37,333.0
92,01/07/24 11:42,107023296385.0,1.0,Satisfied,44811446.0,11.0,,01/07/24 11:42,111.0
93,01/07/24 11:42,107023296385.0,1.0,Satisfied,44811446.0,11.0,157313980.0,01/07/24 11:42,333.0
94,01/07/24 12:27,107040830063.0,1.0,Satisfied,48674299.0,11.0,,01/07/24 12:27,111.0
95,01/07/24 12:27,107040830063.0,1.0,Satisfied,48674299.0,11.0,196074514.0,01/07/24 12:27,333.0
98,01/07/24 12:27,107040830063.0,1.0,Not Satisfied,48674299.0,11.0,-456.0,01/07/24 12:27,-234.0
99,01/07/24 12:27,107040830063.0,1.0,Not Satisfied,48674299.0,11.0,-222.0,01/07/24 12:27,-234.0
101,01/07/24 12:27,107040830063.0,1.0,Not Satisfied,48674299.0,11.0,-345.0,01/07/24 12:27,-234.0
102,01/07/24 12:27,107040830063.0,1.0,Not Satisfied,48674299.0,11.0,-666.0,01/07/24 12:27,-234.0
106,01/07/24 14:07,107040644195.0,1.0,Satisfied,24560513.0,11.0,,01/07/24 14:07,111.0
107,01/07/24 14:07,107040644195.0,1.0,Not Satisfied,24560513.0,11.0,,01/07/24 14:07,-234.0
109,01/07/24 14:07,107040644195.0,1.0,Satisfied,24560513.0,11.0,,01/07/24 14:07,-111.0
110,01/07/24 14:07,107040644195.0,1.0,Satisfied,24560513.0,11.0,5284.0,01/07/24 14:07,333.0
111,01/07/24 14:13,107011008446.0,1.0,Satisfied,101592689.0,11.0,,01/07/24 14:13,111.0
112,01/07/24 14:13,107011008446.0,1.0,Satisfied,101592689.0,11.0,5284.0,01/07/24 14:13,333.0
113,01/07/24 14:13,107011008446.0,1.0,Satisfied,101592689.0,11.0,5284.0,01/07/24 14:13,333.0
114,01/07/24 14:13,107011008446.0,1.0,Satisfied,101592689.0,11.0,,01/07/24 14:13,-111.0
116,01/07/24 14:20,106993482334.0,1.0,Satisfied,202643129.0,11.0,-111.0,01/07/24 14:20,333.0
117,01/07/24 14:20,106993482334.0,1.0,Satisfied,202643129.0,11.0,158318791.0,01/07/24 14:20,333.0
119,01/07/24 14:20,106993482334.0,1.0,Satisfied,202643129.0,11.0,71740954.0,01/07/24 14:20,333.0
122,01/07/24 14:20,106993482334.0,1.0,Not Satisfied,202643129.0,11.0,,01/07/24 14:20,-444.0
124,01/07/24 14:20,106993482334.0,1.0,Not Satisfied,202643129.0,11.0,,01/07/24 14:20,-666.0
128,01/07/24 14:29,106983088959.0,1.0,Satisfied,31188954.0,11.0,,01/07/24 14:29,111.0
129,01/07/24 14:29,106983088959.0,1.0,Satisfied,31188954.0,11.0,,01/07/24 14:29,-111.0
130,01/07/24 14:29,106983088959.0,1.0,Satisfied,31188954.0,11.0,,01/07/24 14:29,-111.0
132,01/07/24 14:29,106983088959.0,1.0,Not Satisfied,31188954.0,11.0,,01/07/24 14:29,-666.0
134,01/07/24 14:38,107014019875.0,1.0,Satisfied,73735024.0,11.0,,01/07/24 14:38,111.0
135,01/07/24 14:38,107014019875.0,1.0,Satisfied,73735024.0,11.0,,01/07/24 14:38,1000.0
137,01/07/24 14:38,107014019875.0,1.0,Satisfied,73735024.0,11.0,,01/07/24 14:38,1000.0
138,01/07/24 14:38,107014019875.0,1.0,Satisfied,73735024.0,11.0,391145.0,01/07/24 14:38,333.0
139,01/07/24 14:38,107014019875.0,1.0,Satisfied,73735024.0,11.0,,01/07/24 14:38,-111.0
140,01/07/24 14:38,107014019875.0,1.0,Satisfied,73735024.0,11.0,,01/07/24 14:38,-111.0
141,01/07/24 14:38,107014019875.0,1.0,Satisfied,73735024.0,11.0,,01/07/24 14:38,1000.0
143,01/07/24 14:38,107014019875.0,1.0,Satisfied,73735024.0,11.0,,01/07/24 14:38,-111.0
144,01/07/24 14:38,107014019875.0,1.0,Satisfied,73735024.0,11.0,8162072.0,01/07/24 14:38,333.0
146,01/07/24 14:47,107041648963.0,1.0,Satisfied,55302374.0,11.0,21720931.0,01/07/24 14:47,333.0
147,01/07/24 14:47,107041648963.0,1.0,Satisfied,55302374.0,11.0,21720931.0,01/07/24 14:47,333.0
148,01/07/24 14:47,107041648963.0,1.0,Satisfied,55302374.0,11.0,,01/07/24 14:47,-111.0
150,01/07/24 14:47,107041648963.0,1.0,Satisfied,55302374.0,11.0,,01/07/24 14:47,-111.0
151,01/07/24 15:01,107021277646.0,1.0,Satisfied,94095962.0,11.0,,01/07/24 15:01,111.0
152,01/07/24 15:01,107021277646.0,1.0,Satisfied,94095962.0,11.0,8162072.0,01/07/24 15:01,333.0
153,01/07/24 15:07,107035102813.0,1.0,Satisfied,9012378.0,11.0,,01/07/24 15:07,111.0
156,01/07/24 15:07,107035102813.0,1.0,Satisfied,9012378.0,11.0,191326363.0,01/07/24 15:07,333.0
157,01/07/24 16:49,107018704867.0,1.0,Satisfied,22338138.0,11.0,,01/07/24 16:49,111.0
158,01/07/24 16:49,107018704867.0,1.0,Satisfied,22338138.0,11.0,111637984.0,01/07/24 16:49,333.0
160,01/07/24 16:49,107018704867.0,1.0,Satisfied,22338138.0,11.0,74972959.0,01/07/24 16:49,333.0
162,01/07/24 16:53,107050951552.0,1.0,Satisfied,59625717.0,11.0,74972959.0,01/07/24 16:53,333.0
164,01/07/24 16:53,107050951552.0,1.0,Satisfied,59625717.0,11.0,,01/07/24 16:53,-111.0
165,01/07/24 16:53,107050951552.0,1.0,Satisfied,59625717.0,11.0,85313103.0,01/07/24 16:53,333.0
166,01/07/24 16:53,107050951552.0,1.0,Satisfied,59625717.0,11.0,85313103.0,01/07/24 16:53,333.0
168,01/07/24 16:57,107046320185.0,1.0,Satisfied,21462880.0,11.0,,01/07/24 16:57,1000.0
169,02/07/24 10:00,107048690934.0,1.0,Satisfied,57492632.0,11.0,,02/07/24 10:00,111.0
170,02/07/24 10:00,107094325163.0,1.0,Satisfied,14870619.0,11.0,,02/07/24 10:00,111.0
172,02/07/24 10:00,107094325163.0,1.0,Satisfied,14870619.0,11.0,,02/07/24 10:00,111.0
173,02/07/24 10:00,107094325163.0,1.0,Satisfied,14870619.0,11.0,,02/07/24 10:00,111.0
175,02/07/24 10:00,107094325163.0,1.0,Satisfied,14870619.0,11.0,,02/07/24 10:00,333.0
176,02/07/24 10:00,107087586263.0,1.0,Satisfied,224948850.0,11.0,,02/07/24 10:00,111.0
177,02/07/24 10:00,107065817285.0,1.0,Satisfied,21208458.0,11.0,,02/07/24 10:00,111.0
178,02/07/24 10:00,107065817285.0,1.0,Satisfied,21208458.0,11.0,,02/07/24 10:00,111.0
180,02/07/24 10:00,107065817285.0,1.0,Satisfied,21208458.0,11.0,,02/07/24 10:00,111.0
181,02/07/24 10:01,107067814795.0,1.0,Not Satisfied,115881892.0,11.0,,02/07/24 10:01,-234.0
183,02/07/24 10:01,107065162867.0,1.0,Satisfied,93218948.0,11.0,,02/07/24 10:01,111.0
184,02/07/24 10:01,107067814795.0,1.0,Satisfied,115881892.0,11.0,,02/07/24 10:01,111.0
187,02/07/24 10:00,107065817285.0,1.0,Satisfied,21208458.0,11.0,708789.0,02/07/24 10:00,333.0
191,02/07/24 10:00,107085060946.0,1.0,Satisfied,223970062.0,11.0,,02/07/24 10:00,111.0
76,01/01/01 00:00,106859397567.0,1.0,Not Satisfied,91165805.0,11.0,-456.0,01/01/01 00:00,-234.0
78,26/03/24 12:36,106859397567.0,1.0,Not Satisfied,88924398.0,11.0,-456.0,26/03/24 12:36,-234.0
79,01/01/01 00:00,106859397567.0,1.0,Not Satisfied,88924398.0,11.0,-456.0,01/01/01 00:00,-234.0
80,28/06/24 12:21,106916390713.0,1.0,Satisfied,54641195.0,11.0,,28/06/24 12:21,111.0
81,28/06/24 12:21,106916390713.0,1.0,Satisfied,54641195.0,11.0,18839374.0,28/06/24 12:21,111.0
82,26/03/24 12:36,1089345676.0,1.0,Satisfied,7349419.0,4563426.0,346456.0,26/03/24 12:36,222.0
84,01/01/01 00:00,106996507167.0,1.0,Not Satisfied,106478799.0,11.0,,01/01/01 00:00,-234.0
89,01/07/24 11:09,107052598734.0,1.0,Satisfied,59418511.0,11.0,88075925.0,01/07/24 11:09,333.0
90,01/07/24 11:37,107012569959.0,1.0,Satisfied,222067526.0,11.0,,01/07/24 11:37,111.0
96,01/07/24 12:27,107040830063.0,1.0,Satisfied,48674299.0,11.0,79055242.0,01/07/24 12:27,333.0
97,01/07/24 12:27,107040830063.0,1.0,Not Satisfied,48674299.0,11.0,,01/07/24 12:27,-234.0
100,01/07/24 12:27,107040830063.0,1.0,Not Satisfied,48674299.0,11.0,-444.0,01/07/24 12:27,-234.0
103,01/07/24 12:27,107040830063.0,1.0,Not Satisfied,48674299.0,11.0,-456.0,01/07/24 12:27,-234.0
104,01/07/24 12:27,107040830063.0,1.0,Not Satisfied,48674299.0,11.0,-567.0,01/07/24 12:27,-234.0
105,01/07/24 12:27,107040830063.0,1.0,Not Satisfied,48674299.0,11.0,-789.0,01/07/24 12:27,-234.0
108,01/07/24 14:07,107040644195.0,1.0,Satisfied,24560513.0,11.0,7276727.0,01/07/24 14:07,333.0
115,01/07/24 14:20,106993482334.0,1.0,Satisfied,202643129.0,11.0,,01/07/24 14:20,111.0
118,01/07/24 14:20,106993482334.0,1.0,Satisfied,202643129.0,11.0,71740954.0,01/07/24 14:20,333.0
120,01/07/24 14:20,106993482334.0,1.0,Not Satisfied,202643129.0,11.0,,01/07/24 14:20,-234.0
121,01/07/24 14:20,106993482334.0,1.0,Not Satisfied,202643129.0,11.0,,01/07/24 14:20,-222.0
123,01/07/24 14:20,106993482334.0,1.0,Not Satisfied,202643129.0,11.0,,01/07/24 14:20,-345.0
125,01/07/24 14:20,106993482334.0,1.0,Not Satisfied,202643129.0,11.0,,01/07/24 14:20,-456.0
126,01/07/24 14:20,106993482334.0,1.0,Not Satisfied,202643129.0,11.0,,01/07/24 14:20,-567.0
127,01/07/24 14:20,106993482334.0,1.0,Not Satisfied,202643129.0,11.0,,01/07/24 14:20,-789.0
131,01/07/24 14:29,106983088959.0,1.0,Not Satisfied,31188954.0,11.0,,01/07/24 14:29,-234.0
133,01/07/24 14:29,106983088959.0,1.0,Satisfied,31188954.0,11.0,-666.0,01/07/24 14:29,333.0
136,01/07/24 14:38,107014019875.0,1.0,Satisfied,73735024.0,11.0,,01/07/24 14:38,-111.0
142,01/07/24 14:38,107014019875.0,1.0,Satisfied,73735024.0,11.0,461372.0,01/07/24 14:38,333.0
145,01/07/24 14:47,107041648963.0,1.0,Satisfied,55302374.0,11.0,,01/07/24 14:47,111.0
149,01/07/24 14:47,107041648963.0,1.0,Satisfied,55302374.0,11.0,,01/07/24 14:47,-111.0
154,01/07/24 15:07,107035102813.0,1.0,Satisfied,9012378.0,11.0,,01/07/24 15:07,1000.0
155,01/07/24 15:07,107035102813.0,1.0,Satisfied,9012378.0,11.0,,01/07/24 15:07,1000.0
159,01/07/24 16:49,107018704867.0,1.0,Satisfied,22338138.0,11.0,,01/07/24 16:49,-111.0
161,01/07/24 16:53,107050951552.0,1.0,Satisfied,59625717.0,11.0,,01/07/24 16:53,111.0
163,01/07/24 16:53,107050951552.0,1.0,Satisfied,59625717.0,11.0,,01/07/24 16:53,-111.0
167,01/07/24 16:57,107046320185.0,1.0,Satisfied,21462880.0,11.0,,01/07/24 16:57,111.0
171,02/07/24 10:00,107048690934.0,1.0,Satisfied,57492632.0,11.0,,02/07/24 10:00,111.0
174,02/07/24 10:00,107048690934.0,1.0,Satisfied,57492632.0,11.0,,02/07/24 10:00,111.0
179,02/07/24 10:00,107015610759.0,1.0,Not Satisfied,10280727.0,11.0,,02/07/24 10:00,-234.0
182,02/07/24 10:01,107079779067.0,1.0,Satisfied,60869402.0,11.0,,02/07/24 10:01,111.0
185,02/07/24 10:00,107078498995.0,1.0,Not Satisfied,51815607.0,11.0,,02/07/24 10:00,-234.0
186,02/07/24 10:00,107015610759.0,1.0,Satisfied,10280727.0,11.0,,02/07/24 10:00,111.0
188,02/07/24 10:01,107067814795.0,1.0,Satisfied,115881892.0,11.0,3123270.0,02/07/24 10:01,333.0
189,02/07/24 10:01,107048658752.0,1.0,Not Satisfied,16276070.0,11.0,,02/07/24 10:01,-234.0
190,02/07/24 10:01,107090390552.0,1.0,Not Satisfied,24053767.0,11.0,,02/07/24 10:01,-234.0
192,02/07/24 10:00,107015610759.0,1.0,Not Satisfied,10280727.0,11.0,,02/07/24 10:00,-789.0
193,02/07/24 10:01,107090390552.0,1.0,Satisfied,24053767.0,11.0,,02/07/24 10:01,111.0
194,02/07/24 10:00,107072033795.0,1.0,Satisfied,3765689.0,11.0,,02/07/24 10:00,111.0
195,02/07/24 10:01,107096996113.0,1.0,Not Satisfied,140832987.0,11.0,,02/07/24 10:01,-234.0
196,02/07/24 10:00,107095155646.0,1.0,Satisfied,15573688.0,11.0,,02/07/24 10:00,111.0
197,02/07/24 10:01,107072785752.0,1.0,Not Satisfied,72309271.0,11.0,,02/07/24 10:01,-234.0
198,02/07/24 10:01,107065505446.0,1.0,Not Satisfied,52891721.0,11.0,,02/07/24 10:01,-234.0
199,02/07/24 10:02,107061149252.0,1.0,Satisfied,207518158.0,11.0,,02/07/24 10:02,111.0
200,02/07/24 10:01,107084620767.0,1.0,Satisfied,216839720.0,11.0,,02/07/24 10:01,111.0
201,02/07/24 10:01,107072785752.0,1.0,Not Satisfied,72309271.0,11.0,,02/07/24 10:01,-234.0
202,02/07/24 10:00,107059797513.0,1.0,Satisfied,101309966.0,11.0,,02/07/24 10:00,111.0
203,02/07/24 10:00,107059797513.0,1.0,Satisfied,101309966.0,11.0,,02/07/24 10:00,111.0
204,02/07/24 10:00,107072033795.0,1.0,Satisfied,3765689.0,11.0,1156860.0,02/07/24 10:00,333.0
205,02/07/24 10:01,107071699413.0,1.0,Not Satisfied,24860516.0,11.0,,02/07/24 10:01,-234.0
206,02/07/24 10:00,107059797513.0,1.0,Satisfied,101309966.0,11.0,,02/07/24 10:00,111.0
207,02/07/24 10:01,107072785752.0,1.0,Not Satisfied,72309271.0,11.0,,02/07/24 10:01,-567.0
208,02/07/24 10:01,107065505446.0,1.0,Not Satisfied,52891721.0,11.0,,02/07/24 10:01,-666.0
209,02/07/24 10:01,107081315463.0,1.0,Satisfied,80717089.0,11.0,,02/07/24 10:01,111.0
210,02/07/24 10:00,107095155646.0,1.0,Not Satisfied,15573688.0,11.0,,02/07/24 10:00,-234.0
211,02/07/24 10:02,107092824859.0,1.0,Satisfied,210667815.0,11.0,,02/07/24 10:02,111.0
212,02/07/24 10:01,107081315463.0,1.0,Not Satisfied,80717089.0,11.0,,02/07/24 10:01,-234.0
213,02/07/24 10:02,107081364659.0,1.0,Not Satisfied,107102503.0,11.0,,02/07/24 10:02,-234.0
214,02/07/24 10:01,107067572567.0,1.0,Satisfied,130741453.0,11.0,,02/07/24 10:01,111.0
215,02/07/24 10:02,107061149252.0,1.0,Satisfied,207518158.0,11.0,,02/07/24 10:02,-111.0
216,02/07/24 10:01,107081315463.0,1.0,Not Satisfied,80717089.0,11.0,,02/07/24 10:01,-666.0
217,02/07/24 10:02,107092900975.0,1.0,Satisfied,85705634.0,11.0,,02/07/24 10:02,111.0
218,02/07/24 10:02,107046698559.0,1.0,Satisfied,63867181.0,11.0,,02/07/24 10:02,111.0
219,02/07/24 10:01,107054535959.0,1.0,Not Satisfied,162412582.0,11.0,,02/07/24 10:01,-234.0
223,02/07/24 10:02,107075079485.0,1.0,Satisfied,56074788.0,11.0,,02/07/24 10:02,111.0
224,02/07/24 10:02,107085382852.0,1.0,Satisfied,21660486.0,11.0,,02/07/24 10:02,111.0
226,02/07/24 10:02,107085367063.0,1.0,Not Satisfied,8736833.0,11.0,,02/07/24 10:02,-234.0
227,02/07/24 10:01,107067572567.0,1.0,Satisfied,130741453.0,11.0,35793120.0,02/07/24 10:01,333.0
230,02/07/24 10:02,107067789067.0,1.0,Satisfied,24382047.0,11.0,,02/07/24 10:02,111.0
240,02/07/24 10:04,107083291785.0,1.0,Satisfied,9150515.0,11.0,,02/07/24 10:04,111.0
250,02/07/24 10:03,107054278759.0,1.0,Not Satisfied,186317332.0,11.0,,02/07/24 10:03,-456.0
252,02/07/24 10:02,107056627195.0,1.0,Satisfied,218876264.0,11.0,,02/07/24 10:02,111.0
253,02/07/24 10:02,107092900975.0,1.0,Satisfied,85705634.0,11.0,,02/07/24 10:02,111.0
254,02/07/24 10:04,107048687485.0,1.0,Satisfied,53091863.0,11.0,,02/07/24 10:04,111.0
256,02/07/24 10:03,107091052375.0,1.0,Satisfied,52640524.0,11.0,,02/07/24 10:03,111.0
259,02/07/24 10:03,107091052375.0,1.0,Satisfied,52640524.0,11.0,,02/07/24 10:03,111.0
2070,02/07/24 10:24,107066037785.0,1.0,Satisfied,140222877.0,11.0,122568997.0,02/07/24 10:24,333.0
2074,02/07/24 10:04,107097345175.0,1.0,Not Satisfied,81966512.0,11.0,,02/07/24 10:04,-234.0
2075,02/07/24 10:32,107098071234.0,1.0,Satisfied,79609060.0,11.0,98458909.0,02/07/24 10:32,333.0
2091,02/07/24 10:27,107057257559.0,1.0,Satisfied,162688597.0,11.0,,02/07/24 10:27,111.0
2094,02/07/24 10:32,107071667995.0,1.0,Not Satisfied,12389100.0,11.0,,02/07/24 10:32,-234.0
2098,02/07/24 10:32,107066233875.0,1.0,Not Satisfied,139774899.0,11.0,,02/07/24 10:32,-222.0
2108,02/07/24 10:33,107079833152.0,1.0,Satisfied,156254004.0,11.0,,02/07/24 10:33,111.0
2111,02/07/24 10:06,107071000775.0,1.0,Not Satisfied,61817635.0,11.0,,02/07/24 10:06,-234.0
2112,02/07/24 10:10,107046462267.0,1.0,Not Satisfied,192612604.0,11.0,,02/07/24 10:10,-234.0
2114,02/07/24 10:32,107078608195.0,1.0,Not Satisfied,154126721.0,11.0,,02/07/24 10:32,-456.0
2115,02/07/24 10:24,107084213063.0,1.0,Not Satisfied,149703061.0,11.0,,02/07/24 10:24,-234.0
2118,02/07/24 10:32,107094616763.0,1.0,Not Satisfied,89103283.0,11.0,,02/07/24 10:32,-222.0
2122,02/07/24 10:34,107080956667.0,1.0,Satisfied,106299418.0,11.0,,02/07/24 10:34,111.0
2128,02/07/24 10:30,107091055359.0,1.0,Satisfied,58978617.0,11.0,,02/07/24 10:30,111.0
2132,02/07/24 10:36,107057286046.0,1.0,Satisfied,44743774.0,11.0,,02/07/24 10:36,111.0
2138,02/07/24 10:26,107054815459.0,1.0,Satisfied,163253489.0,11.0,,02/07/24 10:26,111.0
2140,02/07/24 10:25,107097410746.0,1.0,Not Satisfied,24847710.0,11.0,,02/07/24 10:25,-234.0
2141,02/07/24 10:22,107073231567.0,1.0,Satisfied,21324675.0,11.0,,02/07/24 10:22,111.0
2146,02/07/24 10:10,107046462267.0,1.0,Not Satisfied,192612604.0,11.0,,02/07/24 10:10,-789.0
2151,02/07/24 10:32,107081362434.0,1.0,Satisfied,104711577.0,11.0,,02/07/24 10:32,111.0
2155,02/07/24 10:36,107069619259.0,1.0,Not Satisfied,13815505.0,11.0,,02/07/24 10:36,-234.0
2159,02/07/24 10:19,107063637234.0,1.0,Satisfied,37810351.0,11.0,,02/07/24 10:19,111.0
2161,02/07/24 10:19,107063637234.0,1.0,Not Satisfied,37810351.0,11.0,,02/07/24 10:19,-234.0
2162,02/07/24 10:30,107091055359.0,1.0,Satisfied,58978617.0,11.0,8678511.0,02/07/24 10:30,333.0
2165,02/07/24 10:35,107064385163.0,1.0,Not Satisfied,61118496.0,11.0,,02/07/24 10:35,-666.0
2171,02/07/24 10:30,107065195352.0,1.0,Not Satisfied,212379280.0,11.0,,02/07/24 10:30,-234.0
2176,02/07/24 10:30,107097621667.0,1.0,Satisfied,24519616.0,11.0,,02/07/24 10:30,111.0
2177,02/07/24 10:35,107059416434.0,1.0,Not Satisfied,37952672.0,11.0,,02/07/24 10:35,-234.0
2178,02/07/24 10:32,107055499775.0,1.0,Satisfied,202277056.0,11.0,,02/07/24 10:32,111.0
2182,02/07/24 10:34,107080063534.0,1.0,Not Satisfied,8264565.0,11.0,,02/07/24 10:34,-234.0
2183,02/07/24 10:32,107075912434.0,1.0,Satisfied,2397297.0,11.0,,02/07/24 10:32,111.0
2192,02/07/24 10:16,107080855995.0,1.0,Satisfied,23774679.0,11.0,,02/07/24 10:16,111.0
2194,02/07/24 10:34,107063000463.0,1.0,Satisfied,101745544.0,11.0,,02/07/24 10:34,111.0
2198,02/07/24 10:31,107090586034.0,1.0,Satisfied,223992927.0,11.0,,02/07/24 10:31,111.0
2199,02/07/24 10:10,107086603634.0,1.0,Not Satisfied,113525548.0,11.0,,02/07/24 10:10,-234.0
2200,02/07/24 10:30,107086554646.0,1.0,Not Satisfied,54391713.0,11.0,,02/07/24 10:30,-234.0
2202,02/07/24 10:21,107072943363.0,1.0,Not Satisfied,224932518.0,11.0,,02/07/24 10:21,-234.0
2204,02/07/24 10:21,107072943363.0,1.0,Not Satisfied,224932518.0,11.0,,02/07/24 10:21,-234.0
2205,02/07/24 10:21,107072943363.0,1.0,Not Satisfied,224932518.0,11.0,,02/07/24 10:21,-234.0
2210,02/07/24 10:33,107099162263.0,1.0,Satisfied,74766368.0,11.0,,02/07/24 10:33,111.0
2213,02/07/24 10:33,107099162263.0,1.0,Satisfied,74766368.0,11.0,,02/07/24 10:33,111.0
2215,02/07/24 10:30,107097621667.0,1.0,Satisfied,24519616.0,11.0,1976994.0,02/07/24 10:30,333.0
2217,02/07/24 10:30,107086554646.0,1.0,Not Satisfied,54391713.0,11.0,,02/07/24 10:30,-222.0
2218,02/07/24 10:26,107078373252.0,1.0,Satisfied,8832565.0,11.0,,02/07/24 10:26,111.0
2219,02/07/24 10:34,107078967834.0,1.0,Satisfied,88940030.0,11.0,,02/07/24 10:34,111.0
2220,02/07/24 10:26,107078373252.0,1.0,Satisfied,8832565.0,11.0,,02/07/24 10:26,111.0
2224,02/07/24 10:15,107080241752.0,1.0,Satisfied,143348034.0,11.0,,02/07/24 10:15,111.0
2225,02/07/24 10:31,107054561034.0,1.0,Satisfied,219267917.0,11.0,,02/07/24 10:31,111.0
2228,02/07/24 10:29,107079381534.0,1.0,Satisfied,103067956.0,11.0,,02/07/24 10:29,111.0
2232,02/07/24 10:26,107100377967.0,1.0,Satisfied,205465839.0,11.0,,02/07/24 10:26,111.0
2233,02/07/24 10:14,107087472546.0,1.0,Satisfied,93385369.0,11.0,,02/07/24 10:14,111.0
2234,02/07/24 10:33,107085175434.0,1.0,Satisfied,47760553.0,11.0,,02/07/24 10:33,111.0
2235,02/07/24 10:26,107100377967.0,1.0,Satisfied,205465839.0,11.0,,02/07/24 10:26,111.0
2237,02/07/24 10:23,107072770767.0,1.0,Satisfied,55139412.0,11.0,,02/07/24 10:23,111.0
2240,02/07/24 10:35,107100037134.0,1.0,Not Satisfied,99053860.0,11.0,,02/07/24 10:35,-234.0
2242,02/07/24 10:23,107072770767.0,1.0,Satisfied,55139412.0,11.0,,02/07/24 10:23,111.0
2243,02/07/24 10:35,107085913013.0,1.0,Not Satisfied,150276229.0,11.0,,02/07/24 10:35,-567.0
2247,02/07/24 10:24,107077761659.0,1.0,Satisfied,122217732.0,11.0,,02/07/24 10:24,111.0
220,02/07/24 10:02,107067789067.0,1.0,Satisfied,24382047.0,11.0,,02/07/24 10:02,111.0
225,02/07/24 10:01,107080840485.0,1.0,Satisfied,11029842.0,11.0,,02/07/24 10:01,111.0
231,02/07/24 10:02,107090001463.0,1.0,Satisfied,14538605.0,11.0,,02/07/24 10:02,111.0
234,02/07/24 10:03,107058841013.0,1.0,Satisfied,51137061.0,11.0,,02/07/24 10:03,111.0
235,02/07/24 10:02,107099660159.0,1.0,Not Satisfied,9636728.0,11.0,,02/07/24 10:02,-234.0
238,02/07/24 10:02,107090001463.0,1.0,Not Satisfied,14538605.0,11.0,,02/07/24 10:02,-234.0
239,02/07/24 10:03,107090184875.0,1.0,Not Satisfied,143630183.0,11.0,,02/07/24 10:03,-234.0
241,02/07/24 10:03,107054278759.0,1.0,Not Satisfied,186317332.0,11.0,,02/07/24 10:03,-234.0
245,02/07/24 10:03,107064828175.0,1.0,Satisfied,46919863.0,11.0,,02/07/24 10:03,111.0
257,02/07/24 10:03,107091052375.0,1.0,Satisfied,52640524.0,11.0,,02/07/24 10:03,111.0
258,02/07/24 10:03,107081277585.0,1.0,Not Satisfied,45329891.0,11.0,,02/07/24 10:03,-234.0
260,02/07/24 10:04,107055550059.0,1.0,Satisfied,23629833.0,11.0,,02/07/24 10:04,111.0
2071,02/07/24 10:17,107086096246.0,1.0,Not Satisfied,9524551.0,11.0,,02/07/24 10:17,-222.0
2073,02/07/24 10:29,107094973213.0,1.0,Not Satisfied,136311186.0,11.0,,02/07/24 10:29,-234.0
2078,02/07/24 10:28,107067363867.0,1.0,Satisfied,114833244.0,11.0,,02/07/24 10:28,-111.0
2082,02/07/24 10:28,107088197134.0,1.0,Satisfied,62636088.0,11.0,,02/07/24 10:28,111.0
2083,02/07/24 10:26,107075512863.0,1.0,Not Satisfied,40406468.0,11.0,,02/07/24 10:26,-234.0
2084,02/07/24 10:30,107063964095.0,1.0,Satisfied,79428735.0,11.0,,02/07/24 10:30,111.0
2087,02/07/24 10:23,107054814385.0,1.0,Satisfied,161158214.0,11.0,,02/07/24 10:23,111.0
2096,02/07/24 10:23,107054814385.0,1.0,Satisfied,161158214.0,11.0,14979358.0,02/07/24 10:23,333.0
2105,02/07/24 10:34,107075461952.0,1.0,Not Satisfied,5103091.0,11.0,,02/07/24 10:34,-234.0
2106,02/07/24 10:27,107080497575.0,1.0,Not Satisfied,9945327.0,11.0,,02/07/24 10:27,-234.0
2107,02/07/24 10:17,107078030767.0,1.0,Satisfied,78209008.0,11.0,509899.0,02/07/24 10:17,333.0
2116,02/07/24 10:32,107071667995.0,1.0,Not Satisfied,12389100.0,11.0,,02/07/24 10:32,-666.0
2117,02/07/24 10:27,107073452634.0,1.0,Not Satisfied,85911582.0,11.0,,02/07/24 10:27,-234.0
2123,02/07/24 10:28,107055325759.0,1.0,Not Satisfied,86373338.0,11.0,,02/07/24 10:28,-234.0
2124,02/07/24 10:27,107069370646.0,1.0,Satisfied,204091077.0,11.0,,02/07/24 10:27,111.0
2129,02/07/24 10:36,107091639785.0,1.0,Not Satisfied,200175317.0,11.0,,02/07/24 10:36,-234.0
2131,02/07/24 10:34,107095682395.0,1.0,Not Satisfied,7039000.0,11.0,,02/07/24 10:34,-234.0
2133,02/07/24 10:19,107075915975.0,1.0,Satisfied,5472007.0,11.0,,02/07/24 10:19,111.0
2134,02/07/24 10:20,107099152085.0,1.0,Satisfied,10426243.0,11.0,,02/07/24 10:20,111.0
2135,02/07/24 10:11,107084531267.0,1.0,Not Satisfied,90599838.0,11.0,,02/07/24 10:11,-234.0
2137,02/07/24 10:26,107054815459.0,1.0,Satisfied,163253489.0,11.0,,02/07/24 10:26,111.0
2142,02/07/24 10:19,107091455152.0,1.0,Not Satisfied,35163748.0,11.0,,02/07/24 10:19,-234.0
2143,02/07/24 10:19,107083679685.0,1.0,Satisfied,28288009.0,11.0,,02/07/24 10:19,111.0
2144,02/07/24 10:19,107083679685.0,1.0,Satisfied,28288009.0,11.0,,02/07/24 10:19,111.0
2147,02/07/24 10:33,107069667734.0,1.0,Not Satisfied,38328302.0,11.0,,02/07/24 10:33,-234.0
2150,02/07/24 10:11,107084531267.0,1.0,Not Satisfied,90599838.0,11.0,,02/07/24 10:11,-234.0
2153,02/07/24 10:25,107055312495.0,1.0,Satisfied,61627019.0,11.0,,02/07/24 10:25,111.0
2157,02/07/24 10:29,107065152567.0,1.0,Not Satisfied,57461831.0,11.0,,02/07/24 10:29,-789.0
2158,02/07/24 10:34,107095364213.0,1.0,Satisfied,64534436.0,11.0,,02/07/24 10:34,111.0
2163,02/07/24 10:35,107064385163.0,1.0,Not Satisfied,61118496.0,11.0,,02/07/24 10:35,-666.0
2164,02/07/24 10:08,107059496467.0,1.0,Satisfied,224101134.0,11.0,,02/07/24 10:08,111.0
2167,02/07/24 10:36,107069619259.0,1.0,Not Satisfied,13815505.0,11.0,,02/07/24 10:36,-222.0
2168,02/07/24 10:07,107061552746.0,1.0,Not Satisfied,64187661.0,11.0,,02/07/24 10:07,-789.0
2169,02/07/24 10:34,107053999563.0,1.0,Satisfied,184986477.0,11.0,,02/07/24 10:34,111.0
2172,02/07/24 10:30,107065195352.0,1.0,Not Satisfied,212379280.0,11.0,,02/07/24 10:30,-234.0
2174,02/07/24 10:04,107097345175.0,1.0,Not Satisfied,81966512.0,11.0,,02/07/24 10:04,-666.0
2175,02/07/24 10:30,107065195352.0,1.0,Not Satisfied,212379280.0,11.0,,02/07/24 10:30,-234.0
2181,02/07/24 10:32,107052526046.0,1.0,Satisfied,12301254.0,11.0,,02/07/24 10:32,111.0
2186,02/07/24 10:30,107056992575.0,1.0,Not Satisfied,16655587.0,11.0,,02/07/24 10:30,-234.0
2188,02/07/24 10:20,107090498613.0,1.0,Satisfied,128436651.0,11.0,,02/07/24 10:20,111.0
2190,02/07/24 10:34,107080063534.0,1.0,Not Satisfied,8264565.0,11.0,,02/07/24 10:34,-444.0
2191,02/07/24 10:35,107082586467.0,1.0,Satisfied,27851118.0,11.0,,02/07/24 10:35,111.0
2197,02/07/24 10:30,107056992575.0,1.0,Not Satisfied,16655587.0,11.0,,02/07/24 10:30,-222.0
2201,02/07/24 10:29,107061041875.0,1.0,Not Satisfied,224903497.0,11.0,,02/07/24 10:29,-234.0
2203,02/07/24 10:30,107086554646.0,1.0,Not Satisfied,54391713.0,11.0,,02/07/24 10:30,-234.0
2208,02/07/24 10:33,107099162263.0,1.0,Satisfied,74766368.0,11.0,,02/07/24 10:33,111.0
2211,02/07/24 10:30,107086554646.0,1.0,Not Satisfied,54391713.0,11.0,,02/07/24 10:30,-222.0
2214,02/07/24 10:29,107061041875.0,1.0,Not Satisfied,224903497.0,11.0,,02/07/24 10:29,-222.0
2223,02/07/24 10:36,107055004746.0,1.0,Satisfied,27223267.0,11.0,,02/07/24 10:36,111.0
2226,02/07/24 10:34,107063000463.0,1.0,Satisfied,101745544.0,11.0,29793668.0,02/07/24 10:34,333.0
2623,02/07/24 10:24,107075485546.0,1.0,Not Satisfied,15101570.0,11.0,,02/07/24 10:24,-234.0
2624,02/07/24 10:09,107096494713.0,1.0,Satisfied,189499947.0,11.0,35544812.0,02/07/24 10:09,333.0
2628,02/07/24 10:17,107091770752.0,1.0,Satisfied,68104992.0,11.0,,02/07/24 10:17,111.0
2632,02/07/24 10:22,107095533113.0,1.0,Not Satisfied,161315154.0,11.0,,02/07/24 10:22,-789.0
2634,02/07/24 10:35,107055001995.0,1.0,Satisfied,23428132.0,11.0,,02/07/24 10:35,111.0
2637,02/07/24 10:05,107068653952.0,1.0,Satisfied,62135281.0,11.0,,02/07/24 10:05,111.0
2638,02/07/24 10:32,107079669175.0,1.0,Not Satisfied,13259755.0,11.0,,02/07/24 10:32,-234.0
2639,02/07/24 10:28,107065152052.0,1.0,Not Satisfied,55779465.0,11.0,,02/07/24 10:28,-234.0
2647,02/07/24 10:33,107061617246.0,1.0,Not Satisfied,4117155.0,11.0,,02/07/24 10:33,-234.0
221,02/07/24 10:01,107096996113.0,1.0,Not Satisfied,140832987.0,11.0,,02/07/24 10:01,-789.0
222,02/07/24 10:02,107060229846.0,1.0,Satisfied,97052666.0,11.0,,02/07/24 10:02,111.0
228,02/07/24 10:02,107056627195.0,1.0,Satisfied,218876264.0,11.0,,02/07/24 10:02,111.0
229,02/07/24 10:02,107056627195.0,1.0,Satisfied,218876264.0,11.0,,02/07/24 10:02,111.0
232,02/07/24 10:01,107080840485.0,1.0,Satisfied,11029842.0,11.0,,02/07/24 10:01,1000.0
233,02/07/24 10:02,107098038459.0,1.0,Not Satisfied,31773520.0,11.0,,02/07/24 10:02,-234.0
236,02/07/24 10:03,107094334667.0,1.0,Not Satisfied,26228371.0,11.0,,02/07/24 10:03,-234.0
237,02/07/24 10:03,107076898675.0,1.0,Satisfied,69157918.0,11.0,,02/07/24 10:03,111.0
242,02/07/24 10:03,107078029763.0,1.0,Satisfied,77804619.0,11.0,,02/07/24 10:03,111.0
243,02/07/24 10:02,107085367063.0,1.0,Not Satisfied,8736833.0,11.0,,02/07/24 10:02,-567.0
244,02/07/24 10:03,107064828175.0,1.0,Not Satisfied,46919863.0,11.0,,02/07/24 10:03,-234.0
246,02/07/24 10:04,107085140285.0,1.0,Satisfied,35905733.0,11.0,,02/07/24 10:04,111.0
247,02/07/24 10:02,107092900975.0,1.0,Not Satisfied,85705634.0,11.0,,02/07/24 10:02,-234.0
248,02/07/24 10:02,107034361946.0,1.0,Satisfied,21675062.0,11.0,,02/07/24 10:02,111.0
249,02/07/24 10:04,107064311013.0,1.0,Satisfied,164387098.0,11.0,,02/07/24 10:04,111.0
251,02/07/24 10:04,107048687485.0,1.0,Not Satisfied,53091863.0,11.0,,02/07/24 10:04,-234.0
255,02/07/24 10:02,107094051734.0,1.0,Not Satisfied,124130915.0,11.0,,02/07/24 10:02,-234.0
261,02/07/24 10:03,107088937734.0,1.0,Not Satisfied,59067576.0,11.0,,02/07/24 10:03,-234.0
262,02/07/24 10:02,107099660159.0,1.0,Not Satisfied,9636728.0,11.0,,02/07/24 10:02,-444.0
263,02/07/24 10:03,107088937734.0,1.0,Not Satisfied,59067576.0,11.0,,02/07/24 10:03,-234.0
264,02/07/24 10:03,107081277585.0,1.0,Not Satisfied,45329891.0,11.0,,02/07/24 10:03,-222.0
265,02/07/24 10:03,107088937734.0,1.0,Not Satisfied,59067576.0,11.0,,02/07/24 10:03,-234.0
266,02/07/24 10:02,107096769885.0,1.0,Not Satisfied,73263213.0,11.0,,02/07/24 10:02,-234.0
267,02/07/24 10:04,107094927385.0,1.0,Satisfied,80035591.0,11.0,,02/07/24 10:04,111.0
268,02/07/24 10:04,107088217334.0,1.0,Not Satisfied,80408322.0,11.0,,02/07/24 10:04,-234.0
269,02/07/24 10:02,107090001463.0,1.0,Not Satisfied,14538605.0,11.0,,02/07/24 10:02,-456.0
270,02/07/24 10:02,107075079485.0,1.0,Satisfied,56074788.0,11.0,,02/07/24 10:02,111.0
271,02/07/24 10:02,107098038459.0,1.0,Not Satisfied,31773520.0,11.0,,02/07/24 10:02,-345.0
272,02/07/24 10:01,107067317952.0,1.0,Satisfied,10663461.0,11.0,,02/07/24 10:01,111.0
273,02/07/24 10:01,107067317952.0,1.0,Satisfied,10663461.0,11.0,,02/07/24 10:01,111.0
274,02/07/24 10:03,107100366134.0,1.0,Not Satisfied,189879189.0,11.0,,02/07/24 10:03,-234.0
275,02/07/24 10:01,107067317952.0,1.0,Satisfied,10663461.0,11.0,,02/07/24 10:01,111.0
276,02/07/24 10:04,107083291785.0,1.0,Satisfied,9150515.0,11.0,,02/07/24 10:04,111.0
277,02/07/24 10:04,107055550059.0,1.0,Satisfied,23629833.0,11.0,,02/07/24 10:04,-111.0
278,02/07/24 10:02,107078419059.0,1.0,Not Satisfied,28885016.0,11.0,,02/07/24 10:02,-234.0
279,02/07/24 10:02,107089521834.0,1.0,Not Satisfied,75660243.0,11.0,,02/07/24 10:02,-234.0
280,02/07/24 10:04,107097844013.0,1.0,Satisfied,36343495.0,11.0,,02/07/24 10:04,111.0
281,02/07/24 10:04,107094927385.0,1.0,Satisfied,80035591.0,11.0,36188546.0,02/07/24 10:04,333.0
282,02/07/24 10:01,107037948467.0,1.0,Satisfied,8277871.0,11.0,,02/07/24 10:01,111.0
283,02/07/24 10:02,107089521834.0,1.0,Not Satisfied,75660243.0,11.0,,02/07/24 10:02,-234.0
284,02/07/24 10:01,107037948467.0,1.0,Satisfied,8277871.0,11.0,,02/07/24 10:01,111.0
285,02/07/24 10:02,107092818475.0,1.0,Not Satisfied,202995208.0,11.0,,02/07/24 10:02,-234.0
286,02/07/24 10:02,107089521834.0,1.0,Not Satisfied,75660243.0,11.0,,02/07/24 10:02,-234.0
287,02/07/24 10:01,107037948467.0,1.0,Satisfied,8277871.0,11.0,,02/07/24 10:01,111.0
288,02/07/24 10:04,107060884834.0,1.0,Not Satisfied,17897549.0,11.0,,02/07/24 10:04,-234.0
289,02/07/24 10:04,107088137113.0,1.0,Satisfied,5546079.0,11.0,,02/07/24 10:04,111.0
290,02/07/24 10:02,107096769885.0,1.0,Not Satisfied,73263213.0,11.0,,02/07/24 10:02,-789.0
291,02/07/24 10:04,107088247175.0,1.0,Satisfied,107919052.0,11.0,,02/07/24 10:04,111.0
292,02/07/24 10:03,107083423263.0,1.0,Satisfied,79575311.0,11.0,,02/07/24 10:03,111.0
293,02/07/24 10:04,107068055913.0,1.0,Not Satisfied,48089938.0,11.0,,02/07/24 10:04,-234.0
294,02/07/24 10:04,107097844013.0,1.0,Satisfied,36343495.0,11.0,,02/07/24 10:04,111.0
295,02/07/24 10:04,107097844013.0,1.0,Satisfied,36343495.0,11.0,,02/07/24 10:04,111.0
296,02/07/24 10:04,107060884834.0,1.0,Not Satisfied,17897549.0,11.0,,02/07/24 10:04,-222.0
297,02/07/24 10:00,107092432167.0,1.0,Satisfied,32701087.0,11.0,,02/07/24 10:00,111.0
298,02/07/24 10:01,107067814795.0,1.0,Satisfied,115881892.0,11.0,,02/07/24 10:01,111.0
299,02/07/24 10:02,107089521834.0,1.0,Not Satisfied,75660243.0,11.0,,02/07/24 10:02,-345.0
300,02/07/24 10:01,107067814795.0,1.0,Not Satisfied,115881892.0,11.0,,02/07/24 10:01,-234.0
301,02/07/24 10:04,107095046085.0,1.0,Not Satisfied,224701377.0,11.0,,02/07/24 10:04,-234.0
302,02/07/24 10:04,107069425859.0,1.0,Not Satisfied,137870699.0,11.0,,02/07/24 10:04,-234.0
303,02/07/24 10:03,107084490334.0,1.0,Not Satisfied,67183582.0,11.0,,02/07/24 10:03,-234.0
304,02/07/24 10:01,107067814795.0,1.0,Satisfied,115881892.0,11.0,18377491.0,02/07/24 10:01,333.0
305,02/07/24 10:01,107089242059.0,1.0,Not Satisfied,2563776.0,11.0,,02/07/24 10:01,-234.0
306,02/07/24 10:05,107074570546.0,1.0,Satisfied,5743097.0,11.0,,02/07/24 10:05,111.0
307,02/07/24 10:04,107072233885.0,1.0,Satisfied,18284139.0,11.0,,02/07/24 10:04,111.0
308,02/07/24 10:05,107081571663.0,1.0,Not Satisfied,160825097.0,11.0,,02/07/24 10:05,-234.0
309,02/07/24 10:05,107097193175.0,1.0,Satisfied,18905238.0,11.0,,02/07/24 10:05,111.0
310,02/07/24 10:02,107085887485.0,1.0,Not Satisfied,122260064.0,11.0,,02/07/24 10:02,-234.0
311,02/07/24 10:00,107073423975.0,1.0,Satisfied,68823694.0,11.0,,02/07/24 10:00,111.0
312,02/07/24 10:00,107073423975.0,1.0,Not Satisfied,68823694.0,11.0,,02/07/24 10:00,-234.0
313,02/07/24 10:03,107092260763.0,1.0,Satisfied,61554408.0,11.0,,02/07/24 10:03,111.0
314,02/07/24 10:05,107071082995.0,1.0,Not Satisfied,115815323.0,11.0,,02/07/24 10:05,-234.0
315,02/07/24 10:01,107075567763.0,1.0,Satisfied,95620275.0,11.0,,02/07/24 10:01,111.0
317,02/07/24 10:05,107083313859.0,1.0,Not Satisfied,27461674.0,11.0,,02/07/24 10:05,-234.0
318,02/07/24 10:03,107092260763.0,1.0,Satisfied,61554408.0,11.0,,02/07/24 10:03,111.0
320,02/07/24 10:04,107077928367.0,1.0,Satisfied,28083937.0,11.0,,02/07/24 10:04,111.0
323,02/07/24 10:05,107082379075.0,1.0,Satisfied,152925124.0,11.0,,02/07/24 10:05,111.0
333,02/07/24 10:05,107091911746.0,1.0,Satisfied,182081081.0,11.0,,02/07/24 10:05,111.0
337,02/07/24 10:02,107096352563.0,1.0,Satisfied,10454959.0,11.0,,02/07/24 10:02,111.0
339,02/07/24 10:05,107097193175.0,1.0,Satisfied,18905238.0,11.0,,02/07/24 10:05,111.0
340,02/07/24 10:05,107083313859.0,1.0,Not Satisfied,27461674.0,11.0,,02/07/24 10:05,-222.0
2072,02/07/24 10:33,107055012063.0,1.0,Not Satisfied,36073193.0,11.0,,02/07/24 10:33,-234.0
2076,02/07/24 10:34,107099668995.0,1.0,Not Satisfied,20487683.0,11.0,,02/07/24 10:34,-234.0
2077,02/07/24 10:31,107036432763.0,1.0,Satisfied,224523217.0,11.0,,02/07/24 10:31,111.0
2079,02/07/24 10:13,107044484152.0,1.0,Not Satisfied,221131475.0,11.0,,02/07/24 10:13,-234.0
2080,02/07/24 10:27,107058836495.0,1.0,Not Satisfied,39680464.0,11.0,,02/07/24 10:27,-345.0
2081,02/07/24 10:13,107044484152.0,1.0,Not Satisfied,221131475.0,11.0,,02/07/24 10:13,-234.0
2085,02/07/24 10:32,107089687963.0,1.0,Satisfied,11987055.0,11.0,,02/07/24 10:32,111.0
2086,02/07/24 10:13,107044484152.0,1.0,Not Satisfied,221131475.0,11.0,,02/07/24 10:13,-234.0
2088,02/07/24 10:17,107078030767.0,1.0,Satisfied,78209008.0,11.0,,02/07/24 10:17,111.0
2089,02/07/24 10:32,107078608195.0,1.0,Not Satisfied,154126721.0,11.0,,02/07/24 10:32,-234.0
2090,02/07/24 10:30,107054693959.0,1.0,Satisfied,43316101.0,11.0,,02/07/24 10:30,111.0
2092,02/07/24 10:34,107099668995.0,1.0,Not Satisfied,20487683.0,11.0,,02/07/24 10:34,-222.0
2093,02/07/24 10:26,107075512863.0,1.0,Not Satisfied,40406468.0,11.0,,02/07/24 10:26,-222.0
2095,02/07/24 10:28,107096232552.0,1.0,Not Satisfied,211797525.0,11.0,,02/07/24 10:28,-234.0
2097,02/07/24 10:17,107054855267.0,1.0,Satisfied,224737717.0,11.0,,02/07/24 10:17,111.0
2099,02/07/24 10:28,107075487452.0,1.0,Satisfied,16678048.0,11.0,,02/07/24 10:28,111.0
2100,02/07/24 10:34,107058017334.0,1.0,Satisfied,36261027.0,11.0,,02/07/24 10:34,111.0
2101,02/07/24 10:28,107075487452.0,1.0,Satisfied,16678048.0,11.0,,02/07/24 10:28,111.0
2102,02/07/24 10:28,107096769913.0,1.0,Not Satisfied,73202139.0,11.0,,02/07/24 10:28,-234.0
2103,02/07/24 10:28,107075487452.0,1.0,Satisfied,16678048.0,11.0,,02/07/24 10:28,111.0
2104,02/07/24 10:32,107094616763.0,1.0,Not Satisfied,89103283.0,11.0,,02/07/24 10:32,-234.0
2109,02/07/24 10:25,107092769734.0,1.0,Not Satisfied,14553837.0,11.0,,02/07/24 10:25,-234.0
2110,02/07/24 10:10,107046462267.0,1.0,Satisfied,192612604.0,11.0,,02/07/24 10:10,111.0
2113,02/07/24 10:31,107079344463.0,1.0,Not Satisfied,222514209.0,11.0,,02/07/24 10:31,-234.0
2119,02/07/24 10:03,107086493175.0,1.0,Not Satisfied,12617939.0,11.0,,02/07/24 10:03,-234.0
2120,02/07/24 10:29,107053444095.0,1.0,Satisfied,30184884.0,11.0,,02/07/24 10:29,111.0
2121,02/07/24 10:27,107057257559.0,1.0,Satisfied,162688597.0,11.0,49847102.0,02/07/24 10:27,333.0
2125,02/07/24 10:27,107073452634.0,1.0,Not Satisfied,85911582.0,11.0,,02/07/24 10:27,-666.0
2126,02/07/24 10:36,107091639785.0,1.0,Satisfied,200175317.0,11.0,,02/07/24 10:36,111.0
2127,02/07/24 10:06,107071000775.0,1.0,Not Satisfied,61817635.0,11.0,,02/07/24 10:06,-666.0
2130,02/07/24 10:29,107065152567.0,1.0,Not Satisfied,57461831.0,11.0,,02/07/24 10:29,-234.0
2136,02/07/24 10:28,107096769913.0,1.0,Not Satisfied,73202139.0,11.0,,02/07/24 10:28,-789.0
2139,02/07/24 10:32,107058700285.0,1.0,Not Satisfied,196310506.0,11.0,,02/07/24 10:32,-234.0
2145,02/07/24 10:17,107056276846.0,1.0,Not Satisfied,13707296.0,11.0,,02/07/24 10:17,-234.0
2148,02/07/24 10:16,107058822663.0,1.0,Satisfied,12676403.0,11.0,,02/07/24 10:16,111.0
2149,02/07/24 10:11,107056144346.0,1.0,Not Satisfied,117660211.0,11.0,,02/07/24 10:11,-234.0
2152,02/07/24 10:35,107064385163.0,1.0,Not Satisfied,61118496.0,11.0,,02/07/24 10:35,-234.0
2154,02/07/24 10:35,107064385163.0,1.0,Not Satisfied,61118496.0,11.0,,02/07/24 10:35,-234.0
2156,02/07/24 10:35,107064385163.0,1.0,Not Satisfied,61118496.0,11.0,,02/07/24 10:35,-234.0
2160,02/07/24 10:34,107095682395.0,1.0,Not Satisfied,7039000.0,11.0,,02/07/24 10:34,-666.0
2166,02/07/24 10:30,107088182985.0,1.0,Not Satisfied,48988855.0,11.0,,02/07/24 10:30,-234.0
2170,02/07/24 10:30,107091055359.0,1.0,Not Satisfied,58978617.0,11.0,,02/07/24 10:30,-234.0
2173,02/07/24 10:30,107074171834.0,1.0,Satisfied,88450718.0,11.0,,02/07/24 10:30,111.0
2179,02/07/24 10:34,107080063534.0,1.0,Not Satisfied,8264565.0,11.0,,02/07/24 10:34,-234.0
2180,02/07/24 10:21,107080259434.0,1.0,Not Satisfied,223370502.0,11.0,,02/07/24 10:21,-234.0
2184,02/07/24 10:30,107056992575.0,1.0,Not Satisfied,16655587.0,11.0,,02/07/24 10:30,-234.0
2185,02/07/24 10:30,107065195352.0,1.0,Not Satisfied,212379280.0,11.0,,02/07/24 10:30,-456.0
2187,02/07/24 10:30,107091055359.0,1.0,Not Satisfied,58978617.0,11.0,,02/07/24 10:30,-456.0
2189,02/07/24 10:29,107054716475.0,1.0,Satisfied,11004501.0,11.0,,02/07/24 10:29,111.0
2193,02/07/24 10:21,107080259434.0,1.0,Not Satisfied,223370502.0,11.0,,02/07/24 10:21,-789.0
2195,02/07/24 10:30,107056992575.0,1.0,Not Satisfied,16655587.0,11.0,,02/07/24 10:30,-222.0
2196,02/07/24 10:34,107080063534.0,1.0,Not Satisfied,8264565.0,11.0,,02/07/24 10:34,-444.0
2206,02/07/24 10:30,107086205852.0,1.0,Satisfied,136650426.0,11.0,,02/07/24 10:30,111.0
2207,02/07/24 10:29,107053444095.0,1.0,Satisfied,30184884.0,11.0,,02/07/24 10:29,1000.0
2209,02/07/24 10:21,107072943363.0,1.0,Not Satisfied,224932518.0,11.0,,02/07/24 10:21,-222.0
2212,02/07/24 10:06,107046752534.0,1.0,Satisfied,122266015.0,11.0,,02/07/24 10:06,111.0
2216,02/07/24 10:25,107099173513.0,1.0,Satisfied,184458229.0,11.0,,02/07/24 10:25,111.0
2221,02/07/24 10:28,107070711134.0,1.0,Satisfied,186346318.0,11.0,,02/07/24 10:28,111.0
2222,02/07/24 10:09,107078999285.0,1.0,Satisfied,123408874.0,11.0,,02/07/24 10:09,111.0
2229,02/07/24 10:33,107085175434.0,1.0,Not Satisfied,47760553.0,11.0,,02/07/24 10:33,-234.0
2238,02/07/24 10:23,107072770767.0,1.0,Satisfied,55139412.0,11.0,,02/07/24 10:23,111.0
316,02/07/24 10:03,107092260763.0,1.0,Satisfied,61554408.0,11.0,,02/07/24 10:03,111.0
319,02/07/24 10:05,107083313859.0,1.0,Satisfied,27461674.0,11.0,,02/07/24 10:05,111.0
321,02/07/24 10:05,107085329646.0,1.0,Not Satisfied,29711028.0,11.0,,02/07/24 10:05,-234.0
322,02/07/24 10:02,107063275113.0,1.0,Satisfied,150986593.0,11.0,,02/07/24 10:02,111.0
328,02/07/24 10:02,107092818475.0,1.0,Not Satisfied,202995208.0,11.0,,02/07/24 10:02,-222.0
329,02/07/24 10:01,107076599946.0,1.0,Satisfied,147214095.0,11.0,,02/07/24 10:01,111.0
331,02/07/24 10:03,107092260763.0,1.0,Satisfied,61554408.0,11.0,,02/07/24 10:03,-111.0
332,02/07/24 10:01,107060915659.0,1.0,Satisfied,149105780.0,11.0,,02/07/24 10:01,111.0
335,02/07/24 10:02,107032628275.0,1.0,Not Satisfied,38074404.0,11.0,,02/07/24 10:02,-234.0
341,02/07/24 10:02,107059180846.0,1.0,Satisfied,199312284.0,11.0,,02/07/24 10:02,111.0
2227,02/07/24 10:29,107079381534.0,1.0,Satisfied,103067956.0,11.0,,02/07/24 10:29,111.0
2230,02/07/24 10:29,107079381534.0,1.0,Satisfied,103067956.0,11.0,,02/07/24 10:29,111.0
2231,02/07/24 10:35,107085913013.0,1.0,Not Satisfied,150276229.0,11.0,,02/07/24 10:35,-234.0
2236,02/07/24 10:08,107061471185.0,1.0,Not Satisfied,82396176.0,11.0,,02/07/24 10:08,-234.0
2239,02/07/24 10:24,107032716052.0,1.0,Satisfied,75589015.0,11.0,,02/07/24 10:24,111.0
2241,02/07/24 10:29,107079381534.0,1.0,Satisfied,103067956.0,11.0,,02/07/24 10:29,333.0
2244,02/07/24 10:13,107083754752.0,1.0,Satisfied,46562816.0,11.0,,02/07/24 10:13,333.0
2245,02/07/24 10:35,107100037134.0,1.0,Not Satisfied,99053860.0,11.0,,02/07/24 10:35,-222.0
2248,02/07/24 10:18,107065003375.0,1.0,Not Satisfied,116078631.0,11.0,,02/07/24 10:18,-234.0
2251,02/07/24 10:35,107067588259.0,1.0,Satisfied,180718367.0,11.0,,02/07/24 10:35,111.0
2252,02/07/24 10:11,107056144346.0,1.0,Not Satisfied,117660211.0,11.0,,02/07/24 10:11,-789.0
2253,02/07/24 10:29,107050219959.0,1.0,Satisfied,88400206.0,11.0,,02/07/24 10:29,111.0
2254,02/07/24 10:30,107057882075.0,1.0,Not Satisfied,224468616.0,11.0,,02/07/24 10:30,-234.0
2258,02/07/24 10:02,107054273585.0,1.0,Satisfied,161956882.0,11.0,,02/07/24 10:02,111.0
2260,02/07/24 10:29,107085894452.0,1.0,Satisfied,130976112.0,11.0,,02/07/24 10:29,111.0
2264,02/07/24 10:18,107065003375.0,1.0,Not Satisfied,116078631.0,11.0,,02/07/24 10:18,-666.0
2266,02/07/24 10:35,107087652675.0,1.0,Satisfied,47194845.0,11.0,,02/07/24 10:35,111.0
2267,02/07/24 10:28,107054299175.0,1.0,Satisfied,212833517.0,11.0,,02/07/24 10:28,111.0
2268,02/07/24 10:14,107055814667.0,1.0,Not Satisfied,22783430.0,11.0,,02/07/24 10:14,-234.0
2269,02/07/24 10:30,107045982446.0,1.0,Satisfied,224885766.0,11.0,,02/07/24 10:30,111.0
2271,02/07/24 10:30,107057882075.0,1.0,Not Satisfied,224468616.0,11.0,,02/07/24 10:30,-666.0
2274,02/07/24 10:09,107093207646.0,1.0,Not Satisfied,93302371.0,11.0,,02/07/24 10:09,-234.0
2275,02/07/24 10:20,107005886552.0,1.0,Satisfied,155995160.0,11.0,,02/07/24 10:20,111.0
2276,02/07/24 10:13,107084524475.0,1.0,Not Satisfied,85376626.0,11.0,,02/07/24 10:13,-234.0
2277,02/07/24 10:01,107056599575.0,1.0,Satisfied,159132317.0,11.0,,02/07/24 10:01,111.0
2282,02/07/24 10:17,107061306663.0,1.0,Satisfied,91761464.0,11.0,,02/07/24 10:17,111.0
2290,02/07/24 10:14,107055814667.0,1.0,Not Satisfied,22783430.0,11.0,,02/07/24 10:14,-222.0
2297,02/07/24 10:10,107078395746.0,1.0,Satisfied,10765683.0,11.0,,02/07/24 10:10,111.0
2302,02/07/24 10:35,107057821159.0,1.0,Satisfied,111123856.0,11.0,,02/07/24 10:35,111.0
2305,02/07/24 10:28,107069858452.0,1.0,Not Satisfied,208205810.0,11.0,,02/07/24 10:28,-444.0
2307,02/07/24 10:02,107063574552.0,1.0,Satisfied,205518349.0,11.0,,02/07/24 10:02,111.0
2311,02/07/24 10:36,107059469313.0,1.0,Satisfied,159979631.0,11.0,,02/07/24 10:36,111.0
2312,02/07/24 10:32,107071894534.0,1.0,Satisfied,224263982.0,11.0,,02/07/24 10:32,111.0
2314,02/07/24 10:15,107073319459.0,1.0,Not Satisfied,109315903.0,11.0,,02/07/24 10:15,-234.0
2318,02/07/24 10:17,107055266785.0,1.0,Not Satisfied,9234750.0,11.0,,02/07/24 10:17,-666.0
2319,02/07/24 10:11,107085809567.0,1.0,Not Satisfied,99255661.0,11.0,,02/07/24 10:11,-234.0
2320,02/07/24 10:18,107082743775.0,1.0,Satisfied,221820475.0,11.0,,02/07/24 10:18,111.0
2321,02/07/24 10:34,107075664785.0,1.0,Not Satisfied,219169526.0,11.0,,02/07/24 10:34,-222.0
2322,02/07/24 10:11,107085809567.0,1.0,Not Satisfied,99255661.0,11.0,,02/07/24 10:11,-234.0
2323,02/07/24 10:11,107085809567.0,1.0,Not Satisfied,99255661.0,11.0,,02/07/24 10:11,-234.0
2325,02/07/24 10:34,107075664785.0,1.0,Not Satisfied,219169526.0,11.0,,02/07/24 10:34,-222.0
2330,02/07/24 10:09,107093207646.0,1.0,Not Satisfied,93302371.0,11.0,,02/07/24 10:09,-345.0
2648,02/07/24 10:09,107085032346.0,1.0,Satisfied,7237258.0,11.0,,02/07/24 10:09,111.0
2649,02/07/24 10:09,107092769146.0,1.0,Not Satisfied,14142736.0,11.0,,02/07/24 10:09,-234.0
2651,02/07/24 10:11,107063577385.0,1.0,Satisfied,222551955.0,11.0,,02/07/24 10:11,111.0
2652,02/07/24 10:09,107085032346.0,1.0,Satisfied,7237258.0,11.0,,02/07/24 10:09,111.0
2655,02/07/24 10:31,107044522875.0,1.0,Not Satisfied,123483699.0,11.0,,02/07/24 10:31,-222.0
2660,02/07/24 10:36,107033619267.0,1.0,Not Satisfied,102158738.0,11.0,,02/07/24 10:36,-789.0
2662,02/07/24 10:20,107067083046.0,1.0,Satisfied,40325880.0,11.0,,02/07/24 10:20,111.0
2667,02/07/24 10:04,107064281652.0,1.0,Satisfied,16249536.0,11.0,,02/07/24 10:04,111.0
2675,02/07/24 10:24,107065159352.0,1.0,Satisfied,81864819.0,11.0,,02/07/24 10:24,111.0
2678,02/07/24 10:03,107083071167.0,1.0,Satisfied,188124012.0,11.0,,02/07/24 10:03,111.0
2681,02/07/24 10:33,107071284734.0,1.0,Satisfied,78024282.0,11.0,,02/07/24 10:33,111.0
2683,02/07/24 10:33,107089813367.0,1.0,Satisfied,200166629.0,11.0,,02/07/24 10:33,111.0
2685,02/07/24 10:17,107057622646.0,1.0,Not Satisfied,213624376.0,11.0,,02/07/24 10:17,-234.0
2687,02/07/24 10:18,107047009375.0,1.0,Satisfied,37979512.0,11.0,,02/07/24 10:18,111.0
2688,02/07/24 10:13,107096349152.0,1.0,Not Satisfied,6888777.0,11.0,,02/07/24 10:13,-234.0
2689,02/07/24 10:34,107050117185.0,1.0,Satisfied,31437116.0,11.0,,02/07/24 10:34,111.0
2694,02/07/24 10:07,107075516295.0,1.0,Satisfied,44556429.0,11.0,,02/07/24 10:07,111.0
2696,02/07/24 10:35,107060886859.0,1.0,Not Satisfied,22928727.0,11.0,,02/07/24 10:35,-234.0
324,02/07/24 10:05,107081571663.0,1.0,Not Satisfied,160825097.0,11.0,,02/07/24 10:05,-789.0
325,02/07/24 10:05,107083313859.0,1.0,Not Satisfied,27461674.0,11.0,,02/07/24 10:05,-234.0
326,02/07/24 10:02,107063275113.0,1.0,Satisfied,150986593.0,11.0,59413671.0,02/07/24 10:02,333.0
327,02/07/24 10:05,107072811395.0,1.0,Satisfied,99706315.0,11.0,,02/07/24 10:05,111.0
330,02/07/24 10:01,107060915659.0,1.0,Satisfied,149105780.0,11.0,,02/07/24 10:01,111.0
334,02/07/24 10:01,107060915659.0,1.0,Satisfied,149105780.0,11.0,,02/07/24 10:01,111.0
336,02/07/24 10:06,107079324963.0,1.0,Satisfied,84383806.0,11.0,,02/07/24 10:06,111.0
338,02/07/24 10:05,107082379075.0,1.0,Satisfied,152925124.0,11.0,,02/07/24 10:05,1000.0
342,02/07/24 10:02,107059180846.0,1.0,Satisfied,199312284.0,11.0,,02/07/24 10:02,111.0
343,02/07/24 10:02,107059180846.0,1.0,Satisfied,199312284.0,11.0,,02/07/24 10:02,111.0
344,02/07/24 10:04,107080697834.0,1.0,Not Satisfied,127140769.0,11.0,,02/07/24 10:04,-234.0
345,02/07/24 10:04,107080697834.0,1.0,Not Satisfied,127140769.0,11.0,,02/07/24 10:04,-234.0
346,02/07/24 10:04,107080697834.0,1.0,Not Satisfied,127140769.0,11.0,,02/07/24 10:04,-234.0
347,02/07/24 10:01,107065359795.0,1.0,Satisfied,180477225.0,11.0,,02/07/24 10:01,111.0
348,02/07/24 10:01,107065359795.0,1.0,Satisfied,180477225.0,11.0,,02/07/24 10:01,111.0
349,02/07/24 10:04,107075946175.0,1.0,Satisfied,28323642.0,11.0,,02/07/24 10:04,111.0
350,02/07/24 10:05,107079276752.0,1.0,Satisfied,41964664.0,11.0,,02/07/24 10:05,111.0
351,02/07/24 10:05,107079276752.0,1.0,Satisfied,41964664.0,11.0,,02/07/24 10:05,111.0
352,02/07/24 10:04,107080697834.0,1.0,Not Satisfied,127140769.0,11.0,,02/07/24 10:04,-456.0
353,02/07/24 10:05,107068055913.0,1.0,Not Satisfied,48089938.0,11.0,,02/07/24 10:05,-789.0
354,02/07/24 10:02,107096352563.0,1.0,Satisfied,10454959.0,11.0,,02/07/24 10:02,1000.0
355,02/07/24 10:02,107062115467.0,1.0,Satisfied,27722192.0,11.0,,02/07/24 10:02,111.0
356,02/07/24 10:02,107062115467.0,1.0,Not Satisfied,27722192.0,11.0,,02/07/24 10:02,-234.0
357,02/07/24 10:01,107099969034.0,1.0,Satisfied,22184192.0,11.0,,02/07/24 10:01,111.0
358,02/07/24 10:06,107091836167.0,1.0,Satisfied,94909022.0,11.0,,02/07/24 10:06,111.0
359,02/07/24 10:01,107065359795.0,1.0,Satisfied,180477225.0,11.0,,02/07/24 10:01,111.0
360,02/07/24 10:06,107092065713.0,1.0,Not Satisfied,29991529.0,11.0,,02/07/24 10:06,-234.0
361,02/07/24 10:06,107095519734.0,1.0,Satisfied,142491242.0,11.0,,02/07/24 10:06,111.0
362,02/07/24 10:06,107095519734.0,1.0,Satisfied,142491242.0,11.0,,02/07/24 10:06,111.0
363,02/07/24 10:06,107060240863.0,1.0,Satisfied,124326731.0,11.0,,02/07/24 10:06,111.0
364,02/07/24 10:06,107080645075.0,1.0,Not Satisfied,82036567.0,11.0,,02/07/24 10:06,-234.0
365,02/07/24 10:06,107095519734.0,1.0,Satisfied,142491242.0,11.0,,02/07/24 10:06,111.0
366,02/07/24 10:07,107086105463.0,1.0,Satisfied,16337851.0,11.0,,02/07/24 10:07,111.0
367,02/07/24 10:06,107076456952.0,1.0,Not Satisfied,43443982.0,11.0,,02/07/24 10:06,-234.0
368,02/07/24 10:03,107053966585.0,1.0,Satisfied,95172244.0,11.0,,02/07/24 10:03,111.0
369,02/07/24 10:02,107074793313.0,1.0,Satisfied,194807112.0,11.0,,02/07/24 10:02,111.0
370,02/07/24 10:02,107074793313.0,1.0,Satisfied,194807112.0,11.0,,02/07/24 10:02,111.0
371,02/07/24 10:06,107085886495.0,1.0,Not Satisfied,121947968.0,11.0,,02/07/24 10:06,-234.0
372,02/07/24 10:07,107086521785.0,1.0,Satisfied,217152888.0,11.0,,02/07/24 10:07,111.0
373,02/07/24 10:07,107060538563.0,1.0,Satisfied,190875333.0,11.0,,02/07/24 10:07,111.0
374,02/07/24 10:07,107064278867.0,1.0,Satisfied,1134316.0,11.0,,02/07/24 10:07,111.0
375,02/07/24 10:06,107060240863.0,1.0,Satisfied,124326731.0,11.0,,02/07/24 10:06,-111.0
376,02/07/24 10:06,107092065713.0,1.0,Not Satisfied,29991529.0,11.0,,02/07/24 10:06,-789.0
377,02/07/24 10:06,107076456952.0,1.0,Not Satisfied,43443982.0,11.0,,02/07/24 10:06,-666.0
378,02/07/24 10:07,107070040695.0,1.0,Satisfied,161627758.0,11.0,,02/07/24 10:07,111.0
379,02/07/24 10:07,107073954767.0,1.0,Satisfied,216484106.0,11.0,,02/07/24 10:07,111.0
380,02/07/24 10:02,107085887485.0,1.0,Not Satisfied,122260064.0,11.0,,02/07/24 10:02,-666.0
381,02/07/24 10:06,107080645075.0,1.0,Not Satisfied,82036567.0,11.0,,02/07/24 10:06,-789.0
382,02/07/24 10:07,107075588013.0,1.0,Not Satisfied,119351270.0,11.0,,02/07/24 10:07,-234.0
383,02/07/24 10:07,107072243646.0,1.0,Not Satisfied,26802797.0,11.0,,02/07/24 10:07,-234.0
384,02/07/24 10:07,107052077363.0,1.0,Not Satisfied,155803138.0,11.0,,02/07/24 10:07,-234.0
385,02/07/24 10:07,107086521785.0,1.0,Satisfied,217152888.0,11.0,,02/07/24 10:07,111.0
386,02/07/24 10:07,107052077363.0,1.0,Not Satisfied,155803138.0,11.0,,02/07/24 10:07,-234.0
387,02/07/24 10:07,107083414913.0,1.0,Not Satisfied,104381252.0,11.0,,02/07/24 10:07,-234.0
388,02/07/24 10:07,107083414913.0,1.0,Not Satisfied,104381252.0,11.0,,02/07/24 10:07,-234.0
389,02/07/24 10:07,107083414913.0,1.0,Not Satisfied,104381252.0,11.0,,02/07/24 10:07,-234.0
390,02/07/24 10:06,107021166775.0,1.0,Not Satisfied,44121910.0,11.0,,02/07/24 10:06,-234.0
391,02/07/24 10:07,107072243646.0,1.0,Not Satisfied,26802797.0,11.0,,02/07/24 10:07,-222.0
392,02/07/24 10:06,107052272346.0,1.0,Satisfied,27953777.0,11.0,,02/07/24 10:06,111.0
393,02/07/24 10:04,107057291195.0,1.0,Not Satisfied,51821688.0,11.0,,02/07/24 10:04,-234.0
394,02/07/24 10:07,107083414913.0,1.0,Not Satisfied,104381252.0,11.0,,02/07/24 10:07,-222.0
395,02/07/24 10:06,107085886495.0,1.0,Not Satisfied,121947968.0,11.0,,02/07/24 10:06,-234.0
396,02/07/24 10:07,107086521785.0,1.0,Satisfied,217152888.0,11.0,155461530.0,02/07/24 10:07,333.0
397,02/07/24 10:07,107057555159.0,1.0,Satisfied,77181334.0,11.0,,02/07/24 10:07,111.0
398,02/07/24 10:05,107092117052.0,1.0,Satisfied,82930624.0,11.0,,02/07/24 10:05,111.0
399,02/07/24 10:06,107085886495.0,1.0,Not Satisfied,121947968.0,11.0,,02/07/24 10:06,-222.0
400,02/07/24 10:04,107094157746.0,1.0,Not Satisfied,122925907.0,11.0,,02/07/24 10:04,-234.0
401,02/07/24 10:04,107094157746.0,1.0,Not Satisfied,122925907.0,11.0,,02/07/24 10:04,-234.0
402,02/07/24 10:07,107052077363.0,1.0,Not Satisfied,155803138.0,11.0,,02/07/24 10:07,-222.0
403,02/07/24 10:08,107093942846.0,1.0,Not Satisfied,55816609.0,11.0,,02/07/24 10:08,-234.0
404,02/07/24 10:06,107054011752.0,1.0,Satisfied,211042852.0,11.0,,02/07/24 10:06,111.0
407,02/07/24 10:07,107093857346.0,1.0,Satisfied,13138959.0,11.0,,02/07/24 10:07,111.0
410,02/07/24 10:08,107062867785.0,1.0,Not Satisfied,220161355.0,11.0,,02/07/24 10:08,-234.0
412,02/07/24 10:04,107056773959.0,1.0,Satisfied,34478874.0,11.0,,02/07/24 10:04,111.0
413,02/07/24 10:08,107067535259.0,1.0,Not Satisfied,43398825.0,11.0,,02/07/24 10:08,-234.0
414,02/07/24 10:05,107092117052.0,1.0,Satisfied,82930624.0,11.0,25464873.0,02/07/24 10:05,333.0
420,02/07/24 10:08,107062867785.0,1.0,Not Satisfied,220161355.0,11.0,,02/07/24 10:08,-222.0
424,02/07/24 10:01,107067103034.0,1.0,Not Satisfied,78028283.0,11.0,,02/07/24 10:01,-234.0
426,02/07/24 10:07,107069315746.0,1.0,Satisfied,97569964.0,11.0,,02/07/24 10:07,111.0
2246,02/07/24 10:29,107070955285.0,1.0,Not Satisfied,40865145.0,11.0,,02/07/24 10:29,-234.0
2250,02/07/24 10:33,107055837359.0,1.0,Not Satisfied,56931412.0,11.0,,02/07/24 10:33,-234.0
2255,02/07/24 10:10,107072289134.0,1.0,Satisfied,69917117.0,11.0,,02/07/24 10:10,111.0
2256,02/07/24 10:00,107092432167.0,1.0,Satisfied,32701087.0,11.0,14981539.0,02/07/24 10:00,333.0
2257,02/07/24 10:15,107080241752.0,1.0,Satisfied,143348034.0,11.0,,02/07/24 10:15,-111.0
2259,02/07/24 10:29,107086577852.0,1.0,Not Satisfied,95049013.0,11.0,,02/07/24 10:29,-222.0
2262,02/07/24 10:29,107050219959.0,1.0,Satisfied,88400206.0,11.0,6881461.0,02/07/24 10:29,333.0
2263,02/07/24 10:25,107055312495.0,1.0,Satisfied,61627019.0,11.0,,02/07/24 10:25,-111.0
2272,02/07/24 10:22,107010846885.0,1.0,Satisfied,224020521.0,11.0,,02/07/24 10:22,111.0
2278,02/07/24 10:35,107079006434.0,1.0,Not Satisfied,128813807.0,11.0,,02/07/24 10:35,-234.0
2283,02/07/24 10:35,107079006434.0,1.0,Not Satisfied,128813807.0,11.0,,02/07/24 10:35,-234.0
2287,02/07/24 10:17,107055266785.0,1.0,Not Satisfied,9234750.0,11.0,,02/07/24 10:17,-234.0
2292,02/07/24 10:35,107069651246.0,1.0,Satisfied,28274237.0,11.0,,02/07/24 10:35,111.0
2293,02/07/24 10:09,107093207646.0,1.0,Not Satisfied,93302371.0,11.0,,02/07/24 10:09,-789.0
2294,02/07/24 10:00,107054230663.0,1.0,Not Satisfied,87980912.0,11.0,,02/07/24 10:00,-234.0
2295,02/07/24 10:22,107010846885.0,1.0,Not Satisfied,224020521.0,11.0,,02/07/24 10:22,-234.0
2296,02/07/24 10:18,107082743775.0,1.0,Satisfied,221820475.0,11.0,,02/07/24 10:18,111.0
2298,02/07/24 10:18,107082743775.0,1.0,Satisfied,221820475.0,11.0,,02/07/24 10:18,111.0
2670,02/07/24 10:26,107056178785.0,1.0,Satisfied,195074865.0,11.0,,02/07/24 10:26,111.0
2674,02/07/24 10:06,107057084385.0,1.0,Satisfied,150162008.0,11.0,,02/07/24 10:06,111.0
2677,02/07/24 10:16,107064864763.0,1.0,Satisfied,213604011.0,11.0,27266141.0,02/07/24 10:16,333.0
2679,02/07/24 10:21,107037290867.0,1.0,Satisfied,24175678.0,11.0,,02/07/24 10:21,111.0
2680,02/07/24 10:03,107083071167.0,1.0,Satisfied,188124012.0,11.0,,02/07/24 10:03,111.0
2682,02/07/24 10:10,107045791295.0,1.0,Satisfied,30357932.0,11.0,,02/07/24 10:10,111.0
2684,02/07/24 10:03,107083071167.0,1.0,Satisfied,188124012.0,11.0,,02/07/24 10:03,333.0
2686,02/07/24 10:33,107071284734.0,1.0,Satisfied,78024282.0,11.0,12940613.0,02/07/24 10:33,333.0
2690,02/07/24 10:30,107059392095.0,1.0,Satisfied,58620501.0,11.0,,02/07/24 10:30,111.0
2691,02/07/24 10:13,107096349152.0,1.0,Satisfied,6888777.0,11.0,,02/07/24 10:13,111.0
2693,02/07/24 10:25,107099179185.0,1.0,Satisfied,93983182.0,11.0,,02/07/24 10:25,111.0
2695,02/07/24 10:22,107068482352.0,1.0,Not Satisfied,222652607.0,11.0,,02/07/24 10:22,-234.0
2699,02/07/24 10:25,107099179185.0,1.0,Satisfied,93983182.0,11.0,,02/07/24 10:25,-111.0
2700,02/07/24 10:19,107075025652.0,1.0,Not Satisfied,6375815.0,11.0,,02/07/24 10:19,-234.0
2705,02/07/24 10:35,107016310385.0,1.0,Satisfied,44027735.0,11.0,162943208.0,02/07/24 10:35,333.0
2708,02/07/24 10:00,107071408613.0,1.0,Satisfied,62605015.0,11.0,,02/07/24 10:00,111.0
2716,02/07/24 10:16,107026251485.0,1.0,Not Satisfied,59880155.0,11.0,,02/07/24 10:16,-234.0
2717,02/07/24 10:00,107071408613.0,1.0,Not Satisfied,62605015.0,11.0,,02/07/24 10:00,-234.0
2722,02/07/24 10:33,107056307063.0,1.0,Not Satisfied,70994204.0,11.0,,02/07/24 10:33,-234.0
2725,02/07/24 10:25,107058619167.0,1.0,Not Satisfied,12542654.0,11.0,,02/07/24 10:25,-234.0
2732,02/07/24 10:34,107053279746.0,1.0,Satisfied,223520511.0,11.0,,02/07/24 10:34,111.0
2735,02/07/24 10:36,107070051959.0,1.0,Not Satisfied,193250827.0,11.0,,02/07/24 10:36,-234.0
2737,02/07/24 10:28,107070626463.0,1.0,Not Satisfied,199042550.0,11.0,,02/07/24 10:28,-234.0
2739,02/07/24 10:13,107062080967.0,1.0,Satisfied,105606808.0,11.0,,02/07/24 10:13,111.0
2740,02/07/24 10:35,107065166859.0,1.0,Satisfied,106376429.0,11.0,,02/07/24 10:35,-111.0
2743,02/07/24 10:02,107063969695.0,1.0,Satisfied,109186269.0,11.0,,02/07/24 10:02,111.0
2744,02/07/24 10:16,107072077695.0,1.0,Not Satisfied,1561610.0,11.0,,02/07/24 10:16,-234.0
2748,02/07/24 10:28,107070626463.0,1.0,Not Satisfied,199042550.0,11.0,,02/07/24 10:28,-222.0
2749,02/07/24 10:22,107063565034.0,1.0,Satisfied,92105739.0,11.0,,02/07/24 10:22,111.0
2752,02/07/24 10:30,107065365575.0,1.0,Satisfied,195809196.0,11.0,,02/07/24 10:30,111.0
2753,02/07/24 10:30,107065365575.0,1.0,Not Satisfied,195809196.0,11.0,,02/07/24 10:30,-234.0
2754,02/07/24 10:34,107059613734.0,1.0,Satisfied,67695685.0,11.0,,02/07/24 10:34,111.0
2756,02/07/24 10:33,107059665363.0,1.0,Not Satisfied,214769173.0,11.0,,02/07/24 10:33,-222.0
2758,02/07/24 10:00,107092843385.0,1.0,Satisfied,223032008.0,11.0,,02/07/24 10:00,111.0
2760,02/07/24 10:25,107071224334.0,1.0,Satisfied,1564715.0,11.0,,02/07/24 10:25,111.0
2762,02/07/24 10:34,107059613734.0,1.0,Not Satisfied,67695685.0,11.0,,02/07/24 10:34,-234.0
2763,02/07/24 10:32,107075679613.0,1.0,Not Satisfied,224038489.0,11.0,,02/07/24 10:32,-234.0
2764,02/07/24 10:12,107100308659.0,1.0,Satisfied,79141489.0,11.0,,02/07/24 10:12,111.0
2766,02/07/24 10:03,107074571395.0,1.0,Satisfied,6576255.0,11.0,,02/07/24 10:03,111.0
2775,02/07/24 10:32,107067331067.0,1.0,Satisfied,41839021.0,11.0,,02/07/24 10:32,111.0
2777,02/07/24 10:28,107073402934.0,1.0,Satisfied,201965583.0,11.0,,02/07/24 10:28,111.0
2779,02/07/24 10:30,107094972463.0,1.0,Satisfied,135673270.0,11.0,,02/07/24 10:30,111.0
2788,02/07/24 10:01,107089242059.0,1.0,Not Satisfied,2563776.0,11.0,,02/07/24 10:01,-666.0
2789,02/07/24 10:03,107077930146.0,1.0,Not Satisfied,29653664.0,11.0,,02/07/24 10:03,-234.0
405,02/07/24 10:08,107084763513.0,1.0,Satisfied,147583017.0,11.0,,02/07/24 10:08,111.0
406,02/07/24 10:04,107016679134.0,1.0,Not Satisfied,2492982.0,11.0,,02/07/24 10:04,-234.0
416,02/07/24 10:06,107092230534.0,1.0,Satisfied,215605388.0,11.0,,02/07/24 10:06,111.0
417,02/07/24 10:06,107066068067.0,1.0,Satisfied,206086724.0,11.0,,02/07/24 10:06,111.0
419,02/07/24 10:08,107073975234.0,1.0,Not Satisfied,224191724.0,11.0,,02/07/24 10:08,-234.0
422,02/07/24 10:07,107088907959.0,1.0,Satisfied,29704086.0,11.0,,02/07/24 10:07,111.0
423,02/07/24 10:01,107073423675.0,1.0,Satisfied,219160430.0,11.0,,02/07/24 10:01,111.0
425,02/07/24 10:04,107083291785.0,1.0,Not Satisfied,9150515.0,11.0,,02/07/24 10:04,-234.0
428,02/07/24 10:06,107033613313.0,1.0,Satisfied,37230808.0,11.0,,02/07/24 10:06,111.0
2249,02/07/24 10:29,107086577852.0,1.0,Not Satisfied,95049013.0,11.0,,02/07/24 10:29,-234.0
2261,02/07/24 10:35,107067588259.0,1.0,Satisfied,180718367.0,11.0,,02/07/24 10:35,1000.0
2265,02/07/24 10:36,107043261446.0,1.0,Satisfied,4906747.0,11.0,,02/07/24 10:36,111.0
2270,02/07/24 10:29,107070955285.0,1.0,Not Satisfied,40865145.0,11.0,,02/07/24 10:29,-666.0
2273,02/07/24 10:20,107005886552.0,1.0,Satisfied,155995160.0,11.0,,02/07/24 10:20,111.0
2279,02/07/24 10:13,107080731552.0,1.0,Satisfied,186618538.0,11.0,,02/07/24 10:13,111.0
2280,02/07/24 10:28,107054299175.0,1.0,Satisfied,212833517.0,11.0,,02/07/24 10:28,1000.0
2281,02/07/24 10:13,107084524475.0,1.0,Not Satisfied,85376626.0,11.0,,02/07/24 10:13,-234.0
2284,02/07/24 10:28,107069858452.0,1.0,Not Satisfied,208205810.0,11.0,,02/07/24 10:28,-234.0
2285,02/07/24 10:36,107043261446.0,1.0,Satisfied,4906747.0,11.0,,02/07/24 10:36,333.0
2286,02/07/24 10:35,107079006434.0,1.0,Not Satisfied,128813807.0,11.0,,02/07/24 10:35,-234.0
2288,02/07/24 10:17,107055266785.0,1.0,Not Satisfied,9234750.0,11.0,,02/07/24 10:17,-234.0
2289,02/07/24 10:17,107055266785.0,1.0,Not Satisfied,9234750.0,11.0,,02/07/24 10:17,-234.0
2291,02/07/24 10:35,107069651246.0,1.0,Satisfied,28274237.0,11.0,,02/07/24 10:35,111.0
2303,02/07/24 10:02,107063856175.0,1.0,Satisfied,83691721.0,11.0,,02/07/24 10:02,111.0
2306,02/07/24 10:34,107075664785.0,1.0,Not Satisfied,219169526.0,11.0,,02/07/24 10:34,-234.0
2308,02/07/24 10:06,107076976675.0,1.0,Satisfied,215594470.0,11.0,,02/07/24 10:06,111.0
2309,02/07/24 10:34,107075664785.0,1.0,Not Satisfied,219169526.0,11.0,,02/07/24 10:34,-234.0
2310,02/07/24 10:34,107056800652.0,1.0,Satisfied,89555317.0,11.0,,02/07/24 10:34,111.0
2326,02/07/24 10:32,107069263752.0,1.0,Not Satisfied,19309846.0,11.0,,02/07/24 10:32,-234.0
2327,02/07/24 10:34,107075664785.0,1.0,Not Satisfied,219169526.0,11.0,,02/07/24 10:34,-222.0
2328,02/07/24 10:21,107096029895.0,1.0,Satisfied,7931574.0,11.0,,02/07/24 10:21,111.0
2331,02/07/24 10:21,107067518846.0,1.0,Satisfied,10676290.0,11.0,,02/07/24 10:21,111.0
2702,02/07/24 10:34,107059993175.0,1.0,Not Satisfied,219029630.0,11.0,,02/07/24 10:34,-234.0
2704,02/07/24 10:31,107071197834.0,1.0,Not Satisfied,219049934.0,11.0,,02/07/24 10:31,-456.0
2706,02/07/24 10:19,107075025652.0,1.0,Not Satisfied,6375815.0,11.0,,02/07/24 10:19,-666.0
2707,02/07/24 10:04,107097774652.0,1.0,Satisfied,75839396.0,11.0,,02/07/24 10:04,111.0
2711,02/07/24 10:23,107063751385.0,1.0,Not Satisfied,95908724.0,11.0,,02/07/24 10:23,-234.0
2713,02/07/24 10:22,107050215013.0,1.0,Satisfied,81275539.0,11.0,,02/07/24 10:22,111.0
2718,02/07/24 10:07,107067792363.0,1.0,Not Satisfied,64007239.0,11.0,,02/07/24 10:07,-234.0
2719,02/07/24 10:31,107089466967.0,1.0,Satisfied,215186891.0,11.0,,02/07/24 10:31,111.0
2720,02/07/24 10:18,107091298834.0,1.0,Not Satisfied,19318431.0,11.0,,02/07/24 10:18,-456.0
2723,02/07/24 10:33,107056307063.0,1.0,Not Satisfied,70994204.0,11.0,,02/07/24 10:33,-234.0
2724,02/07/24 10:34,107089054985.0,1.0,Not Satisfied,200284533.0,11.0,,02/07/24 10:34,-234.0
2728,02/07/24 10:19,107079303075.0,1.0,Not Satisfied,64802312.0,11.0,,02/07/24 10:19,-234.0
2731,02/07/24 10:23,107091387534.0,1.0,Satisfied,13048939.0,11.0,,02/07/24 10:23,111.0
2736,02/07/24 10:23,107034093659.0,1.0,Satisfied,148073614.0,11.0,,02/07/24 10:23,111.0
2738,02/07/24 10:28,107070626463.0,1.0,Not Satisfied,199042550.0,11.0,,02/07/24 10:28,-234.0
2742,02/07/24 10:33,107059665363.0,1.0,Not Satisfied,214769173.0,11.0,,02/07/24 10:33,-234.0
2746,02/07/24 10:01,107083282434.0,1.0,Satisfied,2204184.0,11.0,,02/07/24 10:01,111.0
2747,02/07/24 10:34,107053279746.0,1.0,Satisfied,223520511.0,11.0,,02/07/24 10:34,-111.0
2757,02/07/24 10:31,107094862713.0,1.0,Not Satisfied,14501995.0,11.0,,02/07/24 10:31,-234.0
2759,02/07/24 10:31,107094862713.0,1.0,Not Satisfied,14501995.0,11.0,,02/07/24 10:31,-234.0
2765,02/07/24 10:03,107055532259.0,1.0,Not Satisfied,2082024.0,11.0,,02/07/24 10:03,-234.0
2778,02/07/24 10:30,107094972463.0,1.0,Satisfied,135673270.0,11.0,,02/07/24 10:30,111.0
2780,02/07/24 10:24,107053838263.0,1.0,Not Satisfied,215888555.0,11.0,,02/07/24 10:24,-222.0
2782,02/07/24 10:31,107064564213.0,1.0,Not Satisfied,115750679.0,11.0,,02/07/24 10:31,-234.0
2786,02/07/24 10:11,107045111934.0,1.0,Satisfied,46424832.0,11.0,,02/07/24 10:11,111.0
2790,02/07/24 10:12,107076523563.0,1.0,Not Satisfied,110906343.0,11.0,,02/07/24 10:12,-234.0
2794,02/07/24 10:21,107047356763.0,1.0,Satisfied,48314199.0,11.0,,02/07/24 10:21,111.0
2809,02/07/24 10:08,107059214067.0,1.0,Not Satisfied,31065211.0,11.0,,02/07/24 10:08,-234.0
2815,02/07/24 10:06,107052897652.0,1.0,Satisfied,56775636.0,11.0,,02/07/24 10:06,111.0
2821,02/07/24 10:19,107083282663.0,1.0,Satisfied,2211810.0,11.0,,02/07/24 10:19,111.0
2826,02/07/24 10:25,107092858346.0,1.0,Not Satisfied,43541005.0,11.0,,02/07/24 10:25,-234.0
2829,02/07/24 10:35,107091130459.0,1.0,Not Satisfied,221696035.0,11.0,,02/07/24 10:35,-234.0
2832,02/07/24 10:25,107092858346.0,1.0,Not Satisfied,43541005.0,11.0,,02/07/24 10:25,-222.0
2833,02/07/24 10:01,107069572813.0,1.0,Not Satisfied,2332851.0,11.0,,02/07/24 10:01,-234.0
2835,02/07/24 10:10,107064077359.0,1.0,Satisfied,88615952.0,11.0,,02/07/24 10:10,111.0
2837,02/07/24 10:31,107100327395.0,1.0,Not Satisfied,110044932.0,11.0,,02/07/24 10:31,-234.0
2838,02/07/24 10:01,107069572813.0,1.0,Not Satisfied,2332851.0,11.0,,02/07/24 10:01,-222.0
2839,02/07/24 10:21,107072721985.0,1.0,Satisfied,14315979.0,11.0,,02/07/24 10:21,333.0
408,02/07/24 10:06,107021166775.0,1.0,Not Satisfied,44121910.0,11.0,,02/07/24 10:06,-222.0
409,02/07/24 10:03,107053966585.0,1.0,Satisfied,95172244.0,11.0,,02/07/24 10:03,1000.0
411,02/07/24 10:04,107094157746.0,1.0,Not Satisfied,122925907.0,11.0,,02/07/24 10:04,-234.0
415,02/07/24 10:08,107059248667.0,1.0,Satisfied,104849289.0,11.0,,02/07/24 10:08,111.0
418,02/07/24 10:01,107073423675.0,1.0,Satisfied,219160430.0,11.0,,02/07/24 10:01,111.0
421,02/07/24 10:01,107073423675.0,1.0,Satisfied,219160430.0,11.0,,02/07/24 10:01,111.0
427,02/07/24 10:01,107067103034.0,1.0,Not Satisfied,78028283.0,11.0,,02/07/24 10:01,-234.0
429,02/07/24 10:08,107067535259.0,1.0,Not Satisfied,43398825.0,11.0,,02/07/24 10:08,-666.0
430,02/07/24 10:02,107070498613.0,1.0,Satisfied,3478975.0,11.0,,02/07/24 10:02,111.0
431,02/07/24 10:06,107033613313.0,1.0,Satisfied,37230808.0,11.0,,02/07/24 10:06,111.0
432,02/07/24 10:06,107055056495.0,1.0,Satisfied,99496605.0,11.0,,02/07/24 10:06,111.0
433,02/07/24 10:08,107063207552.0,1.0,Satisfied,50334445.0,11.0,,02/07/24 10:08,111.0
434,02/07/24 10:06,107066068067.0,1.0,Satisfied,206086724.0,11.0,,02/07/24 10:06,-111.0
435,02/07/24 10:01,107073423675.0,1.0,Satisfied,219160430.0,11.0,,02/07/24 10:01,-111.0
436,02/07/24 10:05,107072781463.0,1.0,Not Satisfied,67201597.0,11.0,,02/07/24 10:05,-234.0
437,02/07/24 10:02,107070498613.0,1.0,Satisfied,3478975.0,11.0,,02/07/24 10:02,1000.0
438,02/07/24 10:05,107072781463.0,1.0,Not Satisfied,67201597.0,11.0,,02/07/24 10:05,-234.0
439,02/07/24 10:05,107072781463.0,1.0,Not Satisfied,67201597.0,11.0,,02/07/24 10:05,-234.0
440,02/07/24 10:06,107060509546.0,1.0,Satisfied,69280937.0,11.0,,02/07/24 10:06,111.0
441,02/07/24 10:04,107062118034.0,1.0,Not Satisfied,24677678.0,11.0,,02/07/24 10:04,-234.0
442,02/07/24 10:06,107086592063.0,1.0,Not Satisfied,200384157.0,11.0,,02/07/24 10:06,-234.0
443,02/07/24 10:08,107095044085.0,1.0,Not Satisfied,224287787.0,11.0,,02/07/24 10:08,-234.0
444,02/07/24 10:08,107099455867.0,1.0,Satisfied,120533439.0,11.0,,02/07/24 10:08,111.0
445,02/07/24 10:09,107073301467.0,1.0,Not Satisfied,93639951.0,11.0,,02/07/24 10:09,-234.0
446,02/07/24 10:07,107094602534.0,1.0,Not Satisfied,13598427.0,11.0,,02/07/24 10:07,-234.0
447,02/07/24 10:04,107094157746.0,1.0,Not Satisfied,122925907.0,11.0,,02/07/24 10:04,-345.0
448,02/07/24 10:07,107089272159.0,1.0,Satisfied,23908701.0,11.0,,02/07/24 10:07,111.0
449,02/07/24 10:07,107094602534.0,1.0,Not Satisfied,13598427.0,11.0,,02/07/24 10:07,-234.0
450,02/07/24 10:07,107094602534.0,1.0,Not Satisfied,13598427.0,11.0,,02/07/24 10:07,-234.0
451,02/07/24 10:09,107067180075.0,1.0,Satisfied,216273566.0,11.0,,02/07/24 10:09,111.0
452,02/07/24 10:09,107092615134.0,1.0,Not Satisfied,151675796.0,11.0,,02/07/24 10:09,-234.0
453,02/07/24 10:08,107097232975.0,1.0,Not Satisfied,64786242.0,11.0,,02/07/24 10:08,-234.0
454,02/07/24 10:07,107068941475.0,1.0,Satisfied,10517497.0,11.0,,02/07/24 10:07,111.0
455,02/07/24 10:08,107099962975.0,1.0,Not Satisfied,14710336.0,11.0,,02/07/24 10:08,-234.0
456,02/07/24 10:04,107062118034.0,1.0,Not Satisfied,24677678.0,11.0,,02/07/24 10:04,-567.0
457,02/07/24 10:06,107086592063.0,1.0,Not Satisfied,200384157.0,11.0,,02/07/24 10:06,-789.0
458,02/07/24 10:09,107054263485.0,1.0,Satisfied,39825866.0,11.0,,02/07/24 10:09,111.0
459,02/07/24 10:08,107076055863.0,1.0,Satisfied,84476359.0,11.0,,02/07/24 10:08,111.0
460,02/07/24 10:01,107082582385.0,1.0,Not Satisfied,24114071.0,11.0,,02/07/24 10:01,-234.0
461,02/07/24 10:09,107068347295.0,1.0,Not Satisfied,66061639.0,11.0,,02/07/24 10:09,-234.0
462,02/07/24 10:06,107099676534.0,1.0,Not Satisfied,28454948.0,11.0,,02/07/24 10:06,-234.0
463,02/07/24 10:04,107056773959.0,1.0,Not Satisfied,34478874.0,11.0,,02/07/24 10:04,-234.0
464,02/07/24 10:09,107073301467.0,1.0,Not Satisfied,93639951.0,11.0,,02/07/24 10:09,-234.0
465,02/07/24 10:08,107079268063.0,1.0,Satisfied,34307712.0,11.0,,02/07/24 10:08,111.0
466,02/07/24 10:01,107082582385.0,1.0,Not Satisfied,24114071.0,11.0,,02/07/24 10:01,-345.0
467,02/07/24 10:08,107097232975.0,1.0,Not Satisfied,64786242.0,11.0,,02/07/24 10:08,-666.0
468,02/07/24 10:09,107066660959.0,1.0,Not Satisfied,181061976.0,11.0,,02/07/24 10:09,-234.0
469,02/07/24 10:09,107038918352.0,1.0,Satisfied,204241735.0,11.0,,02/07/24 10:09,111.0
470,02/07/24 10:09,107092615134.0,1.0,Not Satisfied,151675796.0,11.0,,02/07/24 10:09,-666.0
471,02/07/24 10:06,107055056495.0,1.0,Satisfied,99496605.0,11.0,,02/07/24 10:06,1000.0
472,02/07/24 10:09,107083452985.0,1.0,Not Satisfied,114158055.0,11.0,,02/07/24 10:09,-234.0
473,02/07/24 10:09,107083452985.0,1.0,Not Satisfied,114158055.0,11.0,,02/07/24 10:09,-234.0
474,02/07/24 10:07,107071300767.0,1.0,Satisfied,99838435.0,11.0,,02/07/24 10:07,111.0
475,02/07/24 10:08,107099996659.0,1.0,Satisfied,50490301.0,11.0,,02/07/24 10:08,111.0
476,02/07/24 10:09,107058416485.0,1.0,Satisfied,34447519.0,11.0,,02/07/24 10:09,111.0
477,02/07/24 10:08,107099996659.0,1.0,Satisfied,50490301.0,11.0,,02/07/24 10:08,111.0
478,02/07/24 10:09,107083452985.0,1.0,Not Satisfied,114158055.0,11.0,,02/07/24 10:09,-234.0
479,02/07/24 10:09,107083011075.0,1.0,Satisfied,99170049.0,11.0,,02/07/24 10:09,111.0
480,02/07/24 10:08,107099962975.0,1.0,Not Satisfied,14710336.0,11.0,,02/07/24 10:08,-666.0
481,02/07/24 10:07,107071300767.0,1.0,Satisfied,99838435.0,11.0,,02/07/24 10:07,111.0
482,02/07/24 10:06,107090585613.0,1.0,Satisfied,223919693.0,11.0,,02/07/24 10:06,111.0
483,02/07/24 10:01,107055267367.0,1.0,Not Satisfied,10007962.0,11.0,,02/07/24 10:01,-234.0
484,02/07/24 10:09,107058416485.0,1.0,Satisfied,34447519.0,11.0,,02/07/24 10:09,111.0
485,02/07/24 10:00,107082587446.0,1.0,Not Satisfied,29156423.0,11.0,,02/07/24 10:00,-234.0
486,02/07/24 10:05,107082379075.0,1.0,Satisfied,152925124.0,11.0,,02/07/24 10:05,111.0
487,02/07/24 10:10,107061213352.0,1.0,Satisfied,100402336.0,11.0,,02/07/24 10:10,111.0
488,02/07/24 10:10,107089636975.0,1.0,Satisfied,66013390.0,11.0,,02/07/24 10:10,111.0
489,02/07/24 10:08,107079268063.0,1.0,Not Satisfied,34307712.0,11.0,,02/07/24 10:08,-234.0
490,02/07/24 10:10,107089636975.0,1.0,Satisfied,66013390.0,11.0,,02/07/24 10:10,111.0
491,02/07/24 10:07,107073786095.0,1.0,Satisfied,31096857.0,11.0,,02/07/24 10:07,111.0
492,02/07/24 10:09,107083452985.0,1.0,Not Satisfied,114158055.0,11.0,,02/07/24 10:09,-222.0
493,02/07/24 10:04,107056773959.0,1.0,Satisfied,34478874.0,11.0,,02/07/24 10:04,-111.0
494,02/07/24 10:09,107081857763.0,1.0,Satisfied,12914484.0,11.0,,02/07/24 10:09,111.0
495,02/07/24 10:02,107058851434.0,1.0,Not Satisfied,76828341.0,11.0,,02/07/24 10:02,-234.0
500,02/07/24 10:05,107082379075.0,1.0,Satisfied,152925124.0,11.0,,02/07/24 10:05,-111.0
508,02/07/24 10:10,107067158646.0,1.0,Not Satisfied,223330181.0,11.0,,02/07/24 10:10,-234.0
525,02/07/24 10:02,107059642446.0,1.0,Not Satisfied,142548216.0,11.0,,02/07/24 10:02,-234.0
530,02/07/24 10:09,107067069667.0,1.0,Satisfied,12685186.0,11.0,,02/07/24 10:09,111.0
531,02/07/24 10:09,107067069667.0,1.0,Satisfied,12685186.0,11.0,,02/07/24 10:09,111.0
533,02/07/24 10:10,107082327359.0,1.0,Satisfied,92928368.0,11.0,,02/07/24 10:10,111.0
537,02/07/24 10:09,107067180075.0,1.0,Not Satisfied,216273566.0,11.0,,02/07/24 10:09,-234.0
2299,02/07/24 10:33,107058999546.0,1.0,Satisfied,71348636.0,11.0,,02/07/24 10:33,111.0
2300,02/07/24 10:02,107063856175.0,1.0,Satisfied,83691721.0,11.0,,02/07/24 10:02,111.0
2301,02/07/24 10:17,107096228013.0,1.0,Satisfied,205217167.0,11.0,,02/07/24 10:17,111.0
2304,02/07/24 10:34,107075664785.0,1.0,Not Satisfied,219169526.0,11.0,,02/07/24 10:34,-234.0
2313,02/07/24 10:06,107076976675.0,1.0,Satisfied,215594470.0,11.0,,02/07/24 10:06,111.0
2315,02/07/24 10:27,107086091034.0,1.0,Not Satisfied,5433660.0,11.0,,02/07/24 10:27,-234.0
2316,02/07/24 10:04,107055933795.0,1.0,Satisfied,222512639.0,11.0,,02/07/24 10:04,111.0
2317,02/07/24 10:15,107073386185.0,1.0,Not Satisfied,188182139.0,11.0,,02/07/24 10:15,-234.0
2324,02/07/24 10:22,107071221975.0,1.0,Satisfied,7847023.0,11.0,,02/07/24 10:22,111.0
2329,02/07/24 10:27,107080212695.0,1.0,Satisfied,110795537.0,11.0,,02/07/24 10:27,111.0
2785,02/07/24 10:29,107070535213.0,1.0,Not Satisfied,48880036.0,11.0,,02/07/24 10:29,-567.0
2787,02/07/24 10:30,107094972463.0,1.0,Satisfied,135673270.0,11.0,,02/07/24 10:30,333.0
2791,02/07/24 10:01,107062964052.0,1.0,Not Satisfied,218166531.0,11.0,,02/07/24 10:01,-234.0
2793,02/07/24 10:12,107076523563.0,1.0,Not Satisfied,110906343.0,11.0,,02/07/24 10:12,-222.0
2795,02/07/24 10:07,107090190946.0,1.0,Not Satisfied,150089047.0,11.0,,02/07/24 10:07,-234.0
2797,02/07/24 10:29,107078542975.0,1.0,Satisfied,90870757.0,11.0,,02/07/24 10:29,111.0
2799,02/07/24 10:01,107062964052.0,1.0,Not Satisfied,218166531.0,11.0,,02/07/24 10:01,-567.0
2800,02/07/24 10:29,107078542975.0,1.0,Not Satisfied,90870757.0,11.0,,02/07/24 10:29,-234.0
2802,02/07/24 10:35,107059022113.0,1.0,Satisfied,46906252.0,11.0,,02/07/24 10:35,111.0
2803,02/07/24 10:28,107073402934.0,1.0,Satisfied,201965583.0,11.0,,02/07/24 10:28,-111.0
2805,02/07/24 10:16,107077949363.0,1.0,Satisfied,99806684.0,11.0,,02/07/24 10:16,111.0
2806,02/07/24 10:00,107031434452.0,1.0,Satisfied,10399704.0,11.0,,02/07/24 10:00,111.0
2812,02/07/24 10:05,107060649646.0,1.0,Satisfied,68118603.0,11.0,,02/07/24 10:05,111.0
2814,02/07/24 10:29,107068728575.0,1.0,Satisfied,216702423.0,11.0,,02/07/24 10:29,111.0
2820,02/07/24 10:19,107083282663.0,1.0,Not Satisfied,2211810.0,11.0,,02/07/24 10:19,-234.0
2823,02/07/24 10:34,107060756367.0,1.0,Not Satisfied,99802568.0,11.0,,02/07/24 10:34,-234.0
2825,02/07/24 10:20,107077411375.0,1.0,Satisfied,221889391.0,11.0,,02/07/24 10:20,111.0
2827,02/07/24 10:32,107096972175.0,1.0,Satisfied,11534144.0,11.0,,02/07/24 10:32,111.0
2840,02/07/24 10:28,107076461159.0,1.0,Satisfied,46617845.0,11.0,,02/07/24 10:28,111.0
2852,02/07/24 10:34,107073240459.0,1.0,Satisfied,30248523.0,11.0,,02/07/24 10:34,111.0
2853,02/07/24 10:19,107074593685.0,1.0,Satisfied,25296046.0,11.0,,02/07/24 10:19,111.0
2855,02/07/24 10:32,107067331067.0,1.0,Satisfied,41839021.0,11.0,,02/07/24 10:32,333.0
2860,02/07/24 10:19,107074593685.0,1.0,Satisfied,25296046.0,11.0,,02/07/24 10:19,1000.0
2863,02/07/24 10:13,107058495252.0,1.0,Not Satisfied,222876842.0,11.0,,02/07/24 10:13,-234.0
2865,02/07/24 10:19,107032350052.0,1.0,Not Satisfied,158041451.0,11.0,,02/07/24 10:19,-234.0
2868,02/07/24 10:13,107070519763.0,1.0,Not Satisfied,28830571.0,11.0,,02/07/24 10:13,-234.0
2869,02/07/24 10:32,107058833013.0,1.0,Satisfied,31608909.0,11.0,,02/07/24 10:32,111.0
2870,02/07/24 10:13,107070519763.0,1.0,Not Satisfied,28830571.0,11.0,,02/07/24 10:13,-234.0
2886,02/07/24 10:32,107090815895.0,1.0,Not Satisfied,81671095.0,11.0,,02/07/24 10:32,-234.0
2887,02/07/24 10:23,107054013863.0,1.0,Satisfied,213105805.0,11.0,,02/07/24 10:23,111.0
2893,02/07/24 10:17,107059226659.0,1.0,Not Satisfied,58181977.0,11.0,,02/07/24 10:17,-234.0
2897,02/07/24 10:32,107063964834.0,1.0,Satisfied,83200423.0,11.0,,02/07/24 10:32,333.0
2900,02/07/24 10:32,107095435313.0,1.0,Satisfied,61207989.0,11.0,,02/07/24 10:32,111.0
2902,02/07/24 10:34,107051037852.0,1.0,Satisfied,189494445.0,11.0,,02/07/24 10:34,111.0
2905,02/07/24 10:34,107051037852.0,1.0,Not Satisfied,189494445.0,11.0,,02/07/24 10:34,-789.0
2906,02/07/24 10:22,107063985067.0,1.0,Satisfied,217431570.0,11.0,,02/07/24 10:22,111.0
2908,02/07/24 10:22,107063985067.0,1.0,Satisfied,217431570.0,11.0,151862742.0,02/07/24 10:22,333.0
2910,02/07/24 10:13,107079766752.0,1.0,Not Satisfied,49958592.0,11.0,,02/07/24 10:13,-234.0
2912,02/07/24 10:32,107053429775.0,1.0,Satisfied,12428416.0,11.0,,02/07/24 10:32,111.0
2921,02/07/24 10:16,107053966067.0,1.0,Satisfied,94131670.0,11.0,,02/07/24 10:16,111.0
2922,02/07/24 10:16,107053966067.0,1.0,Not Satisfied,94131670.0,11.0,,02/07/24 10:16,-234.0
2926,02/07/24 10:04,107085367146.0,1.0,Not Satisfied,8820337.0,11.0,,02/07/24 10:04,-234.0
2932,02/07/24 10:28,107082198834.0,1.0,Not Satisfied,15339805.0,11.0,,02/07/24 10:28,-234.0
2933,02/07/24 10:32,107093845634.0,1.0,Not Satisfied,5319729.0,11.0,,02/07/24 10:32,-234.0
2934,02/07/24 10:11,107033684185.0,1.0,Satisfied,49260110.0,11.0,,02/07/24 10:11,111.0
2936,02/07/24 10:28,107061484634.0,1.0,Not Satisfied,186141881.0,11.0,,02/07/24 10:28,-234.0
2940,02/07/24 10:10,107074687059.0,1.0,Satisfied,224932921.0,11.0,51775915.0,02/07/24 10:10,333.0
2949,02/07/24 10:34,107091352952.0,1.0,Satisfied,104319935.0,11.0,,02/07/24 10:34,111.0
2957,02/07/24 10:15,107086523259.0,1.0,Not Satisfied,217827182.0,11.0,,02/07/24 10:15,-234.0
2959,02/07/24 10:15,107080210534.0,1.0,Satisfied,108255688.0,11.0,,02/07/24 10:15,111.0
2960,02/07/24 10:02,107061295295.0,1.0,Not Satisfied,35402999.0,11.0,,02/07/24 10:02,-234.0
496,02/07/24 10:09,107081857763.0,1.0,Satisfied,12914484.0,11.0,,02/07/24 10:09,111.0
497,02/07/24 10:09,107062920559.0,1.0,Satisfied,108427783.0,11.0,,02/07/24 10:09,111.0
498,02/07/24 10:09,107081857763.0,1.0,Satisfied,12914484.0,11.0,,02/07/24 10:09,111.0
499,02/07/24 10:04,107083291785.0,1.0,Not Satisfied,9150515.0,11.0,,02/07/24 10:04,-456.0
501,02/07/24 10:08,107079268063.0,1.0,Not Satisfied,34307712.0,11.0,,02/07/24 10:08,-222.0
504,02/07/24 10:09,107070064495.0,1.0,Satisfied,210766887.0,11.0,,02/07/24 10:09,111.0
505,02/07/24 10:09,107070064495.0,1.0,Satisfied,210766887.0,11.0,,02/07/24 10:09,111.0
506,02/07/24 10:09,107074562059.0,1.0,Satisfied,6205244.0,11.0,,02/07/24 10:09,111.0
507,02/07/24 10:02,107058851434.0,1.0,Not Satisfied,76828341.0,11.0,,02/07/24 10:02,-222.0
509,02/07/24 10:10,107089636975.0,1.0,Satisfied,66013390.0,11.0,,02/07/24 10:10,111.0
510,02/07/24 10:00,107092068175.0,1.0,Not Satisfied,32589567.0,11.0,,02/07/24 10:00,-234.0
511,02/07/24 10:10,107083314763.0,1.0,Satisfied,31803096.0,11.0,,02/07/24 10:10,111.0
512,02/07/24 10:10,107076375167.0,1.0,Satisfied,19208491.0,11.0,,02/07/24 10:10,111.0
516,02/07/24 10:11,107063763695.0,1.0,Not Satisfied,190860277.0,11.0,,02/07/24 10:11,-234.0
518,02/07/24 10:09,107058020513.0,1.0,Satisfied,40858086.0,11.0,,02/07/24 10:09,111.0
522,02/07/24 10:10,107054748063.0,1.0,Satisfied,49826187.0,11.0,,02/07/24 10:10,111.0
524,02/07/24 10:10,107067158646.0,1.0,Not Satisfied,223330181.0,11.0,,02/07/24 10:10,-222.0
526,02/07/24 10:05,107091705413.0,1.0,Satisfied,10443110.0,11.0,,02/07/24 10:05,111.0
528,02/07/24 10:11,107063763695.0,1.0,Not Satisfied,190860277.0,11.0,,02/07/24 10:11,-222.0
2332,02/07/24 10:03,107075516952.0,1.0,Satisfied,45640306.0,11.0,,02/07/24 10:03,111.0
2333,02/07/24 10:11,107085809567.0,1.0,Not Satisfied,99255661.0,11.0,,02/07/24 10:11,-666.0
2339,02/07/24 10:15,107073319459.0,1.0,Not Satisfied,109315903.0,11.0,,02/07/24 10:15,-666.0
2342,02/07/24 10:33,107058999546.0,1.0,Satisfied,71348636.0,11.0,61782129.0,02/07/24 10:33,333.0
2345,02/07/24 10:08,107058310763.0,1.0,Not Satisfied,156648131.0,11.0,,02/07/24 10:08,-234.0
2346,02/07/24 10:07,107089825313.0,1.0,Satisfied,148024509.0,11.0,,02/07/24 10:07,111.0
2349,02/07/24 10:21,107052303852.0,1.0,Satisfied,63944860.0,11.0,,02/07/24 10:21,111.0
2352,02/07/24 10:11,107080527285.0,1.0,Not Satisfied,21032869.0,11.0,,02/07/24 10:11,-234.0
2353,02/07/24 10:11,107080527285.0,1.0,Not Satisfied,21032869.0,11.0,,02/07/24 10:11,-234.0
2359,02/07/24 10:11,107080527285.0,1.0,Not Satisfied,21032869.0,11.0,,02/07/24 10:11,-234.0
2365,02/07/24 10:01,107054758746.0,1.0,Satisfied,69221526.0,11.0,,02/07/24 10:01,111.0
2366,02/07/24 10:02,107099685513.0,1.0,Not Satisfied,40154800.0,11.0,,02/07/24 10:02,-222.0
2368,02/07/24 10:11,107080527285.0,1.0,Not Satisfied,21032869.0,11.0,,02/07/24 10:11,-222.0
2369,02/07/24 10:07,107093863995.0,1.0,Satisfied,19723423.0,11.0,,02/07/24 10:07,111.0
2372,02/07/24 10:23,107059978646.0,1.0,Satisfied,162870792.0,11.0,,02/07/24 10:23,111.0
2378,02/07/24 10:04,107098964385.0,1.0,Satisfied,64245982.0,11.0,,02/07/24 10:04,111.0
2381,02/07/24 10:31,107080247467.0,1.0,Satisfied,150395517.0,11.0,,02/07/24 10:31,111.0
2383,02/07/24 10:21,107085738067.0,1.0,Satisfied,21956086.0,11.0,,02/07/24 10:21,111.0
2402,02/07/24 10:02,107074146846.0,1.0,Not Satisfied,36684460.0,11.0,,02/07/24 10:02,-222.0
2403,02/07/24 10:16,107089266195.0,1.0,Not Satisfied,18903579.0,11.0,,02/07/24 10:16,-234.0
2405,02/07/24 10:30,107071277163.0,1.0,Satisfied,66405410.0,11.0,,02/07/24 10:30,111.0
2412,02/07/24 10:28,107054463846.0,1.0,Satisfied,37378301.0,11.0,,02/07/24 10:28,111.0
2414,02/07/24 10:33,107027131195.0,1.0,Satisfied,77046683.0,11.0,,02/07/24 10:33,111.0
2419,02/07/24 10:27,107092776063.0,1.0,Satisfied,20512243.0,11.0,,02/07/24 10:27,111.0
2426,02/07/24 10:32,107059210967.0,1.0,Satisfied,26398303.0,11.0,,02/07/24 10:32,111.0
2429,02/07/24 10:32,107059210967.0,1.0,Satisfied,26398303.0,11.0,,02/07/24 10:32,111.0
2431,02/07/24 10:17,107061133885.0,1.0,Not Satisfied,107215043.0,11.0,,02/07/24 10:17,-234.0
2432,02/07/24 10:28,107074521446.0,1.0,Not Satisfied,72265042.0,11.0,,02/07/24 10:28,-234.0
2434,02/07/24 10:09,107059438659.0,1.0,Not Satisfied,89010173.0,11.0,,02/07/24 10:09,-234.0
2436,02/07/24 10:11,107072433413.0,1.0,Satisfied,222679191.0,11.0,,02/07/24 10:11,111.0
2439,02/07/24 10:36,107093109367.0,1.0,Satisfied,562391.0,11.0,,02/07/24 10:36,111.0
2441,02/07/24 10:11,107072433413.0,1.0,Satisfied,222679191.0,11.0,,02/07/24 10:11,111.0
2447,02/07/24 10:32,107079696334.0,1.0,Not Satisfied,91377526.0,11.0,,02/07/24 10:32,-234.0
2448,02/07/24 10:28,107074521446.0,1.0,Not Satisfied,72265042.0,11.0,,02/07/24 10:28,-222.0
2451,02/07/24 10:21,107098211663.0,1.0,Satisfied,16302247.0,11.0,,02/07/24 10:21,333.0
2452,02/07/24 10:17,107089002659.0,1.0,Satisfied,128139336.0,11.0,,02/07/24 10:17,111.0
2454,02/07/24 10:04,107090942763.0,1.0,Satisfied,224482853.0,11.0,,02/07/24 10:04,111.0
2456,02/07/24 10:28,107054471052.0,1.0,Satisfied,47357103.0,11.0,,02/07/24 10:28,111.0
2457,02/07/24 10:23,107099694295.0,1.0,Satisfied,45467567.0,11.0,,02/07/24 10:23,111.0
2458,02/07/24 10:04,107090942763.0,1.0,Satisfied,224482853.0,11.0,125795289.0,02/07/24 10:04,333.0
2460,02/07/24 10:15,107091565967.0,1.0,Not Satisfied,93958582.0,11.0,,02/07/24 10:15,-234.0
2461,02/07/24 10:23,107065006834.0,1.0,Not Satisfied,129572790.0,11.0,,02/07/24 10:23,-234.0
2464,02/07/24 10:06,107084096713.0,1.0,Satisfied,219278593.0,11.0,,02/07/24 10:06,111.0
2467,02/07/24 10:05,107092456446.0,1.0,Satisfied,193423996.0,11.0,,02/07/24 10:05,111.0
2468,02/07/24 10:05,107092456446.0,1.0,Satisfied,193423996.0,11.0,,02/07/24 10:05,111.0
2471,02/07/24 10:28,107066205713.0,1.0,Not Satisfied,66281154.0,11.0,,02/07/24 10:28,-789.0
2473,02/07/24 10:33,107056335995.0,1.0,Satisfied,133266798.0,11.0,,02/07/24 10:33,111.0
2476,02/07/24 10:21,107100034067.0,1.0,Satisfied,94667972.0,11.0,,02/07/24 10:21,111.0
2479,02/07/24 10:35,107079872846.0,1.0,Satisfied,211121784.0,11.0,,02/07/24 10:35,111.0
2480,02/07/24 10:24,107059065885.0,1.0,Satisfied,149340358.0,11.0,,02/07/24 10:24,111.0
2482,02/07/24 10:29,107333955395.0,1.0,Not Satisfied,224900039.0,11.0,,02/07/24 10:29,-456.0
2484,02/07/24 10:18,107037287675.0,1.0,Satisfied,23557025.0,11.0,,02/07/24 10:18,111.0
502,02/07/24 10:10,107076526413.0,1.0,Satisfied,114355749.0,11.0,,02/07/24 10:10,111.0
503,02/07/24 10:10,107097628263.0,1.0,Satisfied,70573079.0,11.0,,02/07/24 10:10,111.0
513,02/07/24 10:10,107076375167.0,1.0,Satisfied,19208491.0,11.0,,02/07/24 10:10,111.0
514,02/07/24 10:10,107093691359.0,1.0,Satisfied,63465705.0,11.0,,02/07/24 10:10,111.0
515,02/07/24 10:08,107082359563.0,1.0,Satisfied,130947340.0,11.0,,02/07/24 10:08,111.0
